id_composite	designation	supergenre	genre	subgenre	period	primary_edition	publication_history	place	ruler	keywords	provenience	distribution	sources	provdist	project
Q000377	The building of Ningirsu's temple (Gudea, cylinders A and B)	LIT	Literary	Compositions with a historical background	Lagaš II		[http://etcsl.orinst.ox.ac.uk/cgi-bin/etcsl.cgi?text=c.2.1.7&display=Crit&charenc=gcirc ETCSL 2.1.7]	Girsu		King lists and other compositions					epsd2/royal
Q000385	A tigi to Bau for Gudea (Gudea A)	LIT	Literary	Royal praise poetry	Old Babylonian		[http://etcsl.orinst.ox.ac.uk/cgi-bin/etcsl.cgi?text=c.2.3.2&display=Crit&charenc=gcirc ETCSL 2.3.2]	Girsu		Gudea	Nippur	Nippur [1]	P264398	Nippur (CBS 6984 (STVC 36))	epsd2/literary
Q000586	Letter from Gudea-Enlila to Dingir-manšum	LIT	Literary	Other letters and letter-prayers	Old Babylonian			Girsu		Other letters and letter-prayers	Nippur	Nippur [1]	P345645	Nippur (HS 1522 (TMH NF 3 57))	epsd2/literary
Q000592	Letter from Gudea to his personal deity	LIT	Literary	Other letters and letter-prayers	Old Babylonian		[http://etcsl.orinst.ox.ac.uk/cgi-bin/etcsl.cgi?text=c.3.3.20&display=Crit&charenc=gcirc ETCSL 3.3.20]	Girsu		Other letters and letter-prayers	Nippur	Nippur [2]	P256617 P345644	Nippur (HS 1444 (TMH NF 3 56), UM 29-15-995)	epsd2/literary
Q000887	Gudea 001	LIT	Royal Inscription		Lagaš II	RIME 3/1, p. 107, E3/1.1.7.1		Girsu	Gudea		uncertain	uncertain [2]	P232309 P232310	uncertain (VA 00056 = RIME 3/1.01.07.001, ex. 01, AO 11946 = RIME 3/1.01.07.001, ex. 02)	epsd2/royal
Q000888	Gudea 002	LIT	Royal Inscription		Lagaš II	RIME 3/1, p. 108, E3/1.1.7.2		Girsu	Gudea		Ur	Ur [1], Girsu [1], uncertain [1]	P232311 P232312 P232313	Ur (BM 116450 = RIME 3/1.01.07.002, ex. 02); uncertain (VA 04859 = RIME 3/1.01.07.002, ex. 01); Girsu (AO 12764 = RIME 3/1.01.07.002, ex. 03)	epsd2/royal
Q000889	Gudea 003	LIT	Royal Inscription		Lagaš II	RIME 3/1, p. 109, E3/1.1.7.3		Girsu	Gudea		Girsu	Girsu [10], Lagash [1], Tell Jidr [1], uncertain [6]	P232314 P232315 P232316 P232317 P232318 P232319 P232320 P232321 P232322 P232323 P232324 P232325 P232327 P232328 P232329 P232330 P232331 P417450	Girsu [10], Lagash [1], Tell Jidr [1], and 6 more exx.	epsd2/royal
Q000890	Gudea 004	LIT	Royal Inscription		Lagaš II	RIME 3/1, p. 109, E3/1.1.7.4		Girsu	Gudea		Girsu	Girsu [1], uncertain [1]	P232332 P232333	uncertain (IMJ 87.160.0649 = RIME 3/1.01.07.004, ex. 02); Girsu (IM 018647 = RIME 3/1.01.07.004, ex. 01)	epsd2/royal
Q000891	Gudea 006	LIT	Royal Inscription		Lagaš II	RIME 3/1, p. 111, E3/1.1.7.6		Girsu	Gudea		uncertain	uncertain [2]	P232335 P232336	uncertain (IM 022848 = RIME 3/1.01.07.006, ex. 01, BM 030386 = RIME 3/1.01.07.006, ex. 02)	epsd2/royal
Q000892	Gudea 008	LIT	Royal Inscription		Lagaš II	RIME 3/1, p. 113, E3/1.1.7.8		Girsu	Gudea		Girsu	Girsu [13], Ur [1], uncertain [23]	P232338 P232339 P232340 P232341 P232342 P232343 P232344 P232345 P232346 P232347 P232348 P232349 P232350 P232351 P232352 P232353 P232354 P232355 P232356 P232357 P232358 P232359 P232360 P232361 P232362 P232363 P232364 P232365 P232366 P232367 P232368 P232369 P232370 P232371 P289829 P417454 P507572	Girsu [13], Ur [1], uncertain [23]	epsd2/royal
Q000893	Gudea 011	LIT	Royal Inscription		Lagaš II	RIME 3/1, p. 115, E3/1.1.7.11		Girsu	Gudea		Girsu	Girsu [30], Lagash [3], uncertain [16]	P232374 P232375 P232376 P232377 P232378 P232379 P232380 P232381 P232382 P232383 P232384 P232385 P232386 P232387 P232388 P232389 P232390 P232391 P232392 P232393 P232394 P232395 P232396 P232397 P232398 P232399 P232400 P232401 P232402 P232403 P232404 P232405 P232406 P232407 P232408 P232409 P232410 P232411 P232412 P232413 P232414 P232415 P232416 P232417 P232418 P232419 P232420 P232421 P513080	Girsu [30], Lagash [3], uncertain [16]	epsd2/royal
Q000894	Gudea 016	LIT	Royal Inscription		Lagaš II	RIME 3/1, p. 119, E3/1.1.7.16		Girsu	Gudea		Girsu	Girsu [30], uncertain [14]	P128039 P232426 P232427 P232428 P232429 P232430 P232431 P232432 P232433 P232434 P232435 P232436 P232437 P232438 P232439 P232440 P232441 P232442 P232443 P232444 P232445 P232446 P232447 P232448 P232449 P232450 P232451 P232452 P232453 P232454 P232455 P232456 P232457 P232458 P232459 P232460 P232461 P232462 P232463 P232464 P232465 P232466 P232467 P232468	Girsu [30], uncertain [14]	epsd2/royal
Q000895	Gudea 017	LIT	Royal Inscription		Lagaš II	RIME 3/1, p. 119, E3/1.1.7.17		Girsu	Gudea		Girsu	Girsu [1], uncertain [1]	P232469 P232470	uncertain (BM 022468 = RIME 3/1.01.07.017, ex. 02); Girsu (AO 00130 = RIME 3/1.01.07.017, ex. 01)	epsd2/royal
Q000896	Gudea 018	LIT	Royal Inscription		Lagaš II	RIME 3/1, p. 120, E3/1.1.7.18		Girsu	Gudea		Girsu	Girsu [2]	P232471 P232472	Girsu (Ashm 1961-0260 = RIME 3/1.01.07.018, ex. 01, BM 090288 = RIME 3/1.01.07.018, ex. 02)	epsd2/royal
Q000897	Gudea 019	LIT	Royal Inscription		Lagaš II	RIME 3/1, p. 121, E3/1.1.7.19		Girsu	Gudea		Girsu	Girsu [3]	P232473 P232474 P406263	Girsu (SM 1906.02.010 = RIME 3/1.01.07.019, ex. add03, AO 21026b = RIME 3/1.01.07.019, ex. 02, AO 21026d = RIME 3/1.01.07.019, ex. 01)	epsd2/royal
Q000898	Gudea 020	LIT	Royal Inscription		Lagaš II	RIME 3/1, p. 122, E3/1.1.7.20		Girsu	Gudea		Girsu	Girsu [7]	P232475 P232476 P232477 P232478 P232479 P232480 P232481	Girsu [7]	epsd2/royal
Q000899	Gudea 021	LIT	Royal Inscription		Lagaš II	RIME 3/1, p. 122, E3/1.1.7.21		Girsu	Gudea		Girsu	Girsu [6], uncertain [6]	P232482 P232483 P232484 P232485 P232486 P232487 P232488 P232489 P232490 P232491 P232492 P235774	Girsu [6], uncertain [6]	epsd2/royal
Q000900	Gudea 024	LIT	Royal Inscription		Lagaš II	RIME 3/1, p. 125, E3/1.1.7.24		Girsu	Gudea		Girsu	Girsu [21], uncertain [12]	P232495 P232496 P232497 P232498 P232499 P232500 P232501 P232502 P232503 P232504 P232505 P232506 P232507 P232508 P232509 P232510 P232511 P232512 P232513 P232514 P232515 P232516 P232517 P232518 P232519 P232520 P232521 P232522 P232523 P232524 P232525 P232526 P368361	Girsu [21], uncertain [12]	epsd2/royal
Q000901	Gudea 025	LIT	Royal Inscription		Lagaš II	RIME 3/1, p. 125, E3/1.1.7.25		Girsu	Gudea		Girsu	Girsu [2], Sirara [1]	P232527 P232528 P232529	Girsu (VA 00066 = RIME 3/1.01.07.025, ex. 01, BM 090798 = RIME 3/1.01.07.025, ex. 02); Sirara (BM 135993 & BM 135994 = RIME 3/1.01.07.025, ex. 03)	epsd2/royal
Q000902	Gudea 026	LIT	Royal Inscription		Lagaš II	RIME 3/1, p. 126, E3/1.1.7.26		Girsu	Gudea		Sirara	Sirara [33], Girsu [5], Lagash [2], Ur [2], Umm Chatil [1], uncertain [9]	P232531 P232532 P232533 P232534 P232535 P232536 P232537 P232538 P232539 P232540 P232541 P232542 P232543 P232544 P232545 P232546 P232547 P232548 P232549 P232550 P232551 P232552 P232553 P232554 P232555 P232556 P232557 P232558 P232559 P232560 P232561 P232562 P232563 P232564 P232565 P232566 P232567 P232568 P232569 P232570 P232571 P232572 P232573 P232574 P232575 P232576 P232577 P232578 P405669 P480702 P480703 P480704	Sirara [33], Girsu [5], Lagash [2], and 12 more exx.	epsd2/royal
Q000903	Gudea 029	LIT	Royal Inscription		Lagaš II	RIME 3/1, p. 129, E3/1.1.7.29		Girsu	Gudea		Ur	Ur [2], uncertain [1]	P232581 P232582 P232583	uncertain (VA 10578 = RIME 3/1.01.07.029, ex. 03); Ur (IM 092967 = RIME 3/1.01.07.029, ex. 02, IM 092966 = RIME 3/1.01.07.029, ex. 01)	epsd2/royal
Q000904	Gudea 031	LIT	Royal Inscription		Lagaš II	RIME 3/1, p. 130, E3/1.1.7.31		Girsu	Gudea		Girsu	Girsu [77], Lagash [2], Uruk [1], uncertain [94]	P232585 P232586 P232587 P232588 P232589 P232590 P232591 P232592 P232593 P232594 P232595 P232596 P232597 P232598 P232599 P232600 P232601 P232602 P232603 P232604 P232605 P232606 P232607 P232608 P232609 P232610 P232611 P232612 P232613 P232614 P232615 P232616 P232617 P232618 P232619 P232620 P232621 P232622 P232623 P232624 P232625 P232626 P232627 P232628 P232629 P232630 P232631 P232632 P232633 P232634 P232635 P232636 P232637 P232638 P232639 P232640 P232641 P232642 P232643 P232644 P232645 P232646 P232647 P232648 P232649 P232650 P232651 P232652 P232653 P232654 P232655 P232656 P232657 P232658 P232659 P232660 P232661 P232662 P232663 P232664 P232665 P232666 P232667 P232668 P232669 P232670 P232671 P232672 P232673 P232674 P232675 P232676 P232677 P232678 P232679 P232680 P232681 P232682 P232683 P232684 P232685 P232686 P232687 P232688 P232689 P232690 P232691 P232692 P232693 P232694 P232695 P232696 P232697 P232698 P232699 P232700 P232701 P232702 P232703 P232704 P232705 P232706 P232707 P232708 P232709 P232710 P232711 P232712 P232713 P232714 P232715 P232716 P232718 P232719 P232720 P232721 P232722 P232723 P232724 P232725 P232726 P232727 P232728 P232729 P232730 P232731 P232732 P232733 P232734 P232735 P232736 P232737 P232738 P232739 P232740 P235308 P235310 P274858 P286230 P289832 P289859 P289884 P387688 P417312 P417405 P417437 P429997 P433125 P464921 P467682 P507571 P507578 P507584 P522156	Girsu [77], Lagash [2], Uruk [1], and 94 more exx.	epsd2/royal
Q000905	Gudea 033	LIT	Royal Inscription		Lagaš II	RIME 3/1, p. 132, E3/1.1.7.33		Girsu	Gudea		Girsu	Girsu [2]	P232742 P232743	Girsu (AO 26663 = RIME 3/1.01.07.033, ex. 02, AO 00262 = RIME 3/1.01.07.033, ex. 01)	epsd2/royal
Q000906	Gudea 034	LIT	Royal Inscription		Lagaš II	RIME 3/1, p. 133, E3/1.1.7.34		Girsu	Gudea		uncertain	uncertain [2]	P232744 P232745	uncertain (YBC 02249 = RIME 3/1.01.07.034, ex. 01, YBC 02332 = RIME 3/1.01.07.034, ex. 02)	epsd2/royal
Q000907	Gudea 035	LIT	Royal Inscription		Lagaš II	RIME 3/1, p. 133, E3/1.1.7.35		Girsu	Gudea		Uruk	Uruk [3], Sirara [1], uncertain [1]	P232746 P232747 P232748 P232749 P232750	Uruk [3], Sirara [1], uncertain [1]	epsd2/royal
Q000908	Gudea 037	LIT	Royal Inscription		Lagaš II	RIME 3/1, p. 135, E3/1.1.7.37		Girsu	Gudea		Girsu	Girsu [1111], Sippar-Yahrurum [4], Umma [4], Adab [3], Lagash [3], Abu Sêcher [3], Elbonia ? [1], Tell Jidr [1], Sirara [1], uncertain [371]	P128040 P217965 P217968 P218087 P218135 P218162 P222951 P222952 P232752 P232753 P232754 P232755 P232756 P232757 P232758 P232759 P232760 P232761 P232762 P232763 P232764 P232765 P232766 P232767 P232768 P232769 P232770 P232771 P232772 P232773 P232774 P232775 P232776 P232777 P232778 P232779 P232780 P232781 P232782 P232783 P232784 P232785 P232786 P232787 P232788 P232789 P232790 P232791 P232792 P232793 P232794 P232795 P232796 P232797 P232798 P232799 P232800 P232801 P232802 P232803 P232804 P232805 P232806 P232807 P232808 P232809 P232810 P232811 P232812 P232813 P232814 P232815 P232816 P232817 P232818 P232819 P232820 P232821 P232822 P232823 P232824 P232825 P232826 P232827 P232828 P232829 P232830 P232831 P232832 P232833 P232834 P232835 P232836 P232837 P232838 P232839 P232840 P232841 P232842 P232843 P232844 P232845 P232846 P232847 P232848 P232849 P232850 P232851 P232852 P232853 P232854 P232855 P232856 P232857 P232858 P232859 P232860 P232861 P232862 P232863 P232864 P232865 P232866 P232867 P232868 P232870 P232871 P232872 P232873 P232874 P232875 P232876 P232877 P232878 P232879 P232880 P232881 P232882 P232883 P232884 P232885 P232886 P232887 P232888 P232889 P232890 P232891 P232892 P232893 P232894 P232895 P232896 P232897 P232898 P232899 P232900 P232901 P232905 P232906 P232907 P232908 P232909 P232910 P232911 P232912 P232913 P232914 P232915 P232916 P232917 P232918 P232919 P232920 P232921 P232922 P232923 P232924 P232925 P232926 P232927 P232928 P232929 P232930 P232931 P232932 P232933 P232934 P232935 P232936 P232937 P232938 P232939 P232940 P232941 P232942 P232943 P232944 P232945 P232946 P232947 P232948 P232949 P232950 P232951 P232952 P232953 P232954 P232955 P232956 P232957 P232958 P232959 P232960 P232961 P232962 P232963 P232964 P232965 P232966 P232967 P232968 P232969 P232970 P232971 P232972 P232973 P232974 P232975 P232976 P232977 P232978 P232979 P232980 P232981 P232982 P232983 P232984 P232985 P232986 P232987 P232988 P232989 P232990 P232991 P232992 P232993 P232994 P232995 P232996 P232997 P232998 P232999 P233000 P233001 P233002 P233003 P233004 P233005 P233006 P233007 P233008 P233009 P233010 P233011 P233012 P233013 P233014 P233015 P233016 P233017 P233018 P233019 P233020 P233021 P233022 P233023 P233024 P233025 P233026 P233027 P233028 P233029 P233030 P233031 P233032 P233033 P233034 P233035 P233036 P233037 P233038 P233039 P233040 P233041 P233042 P233043 P233044 P233045 P233046 P233047 P233048 P233049 P233050 P233051 P233052 P233053 P233054 P233055 P233056 P233057 P233058 P233059 P233060 P233061 P233062 P233063 P233064 P233065 P233066 P233067 P233068 P233069 P233070 P233071 P233072 P233073 P233074 P233075 P233076 P233077 P233078 P233079 P233080 P233081 P233082 P233083 P233084 P233085 P233086 P233087 P233088 P233089 P233090 P233091 P233092 P233093 P233094 P233095 P233096 P233097 P233098 P233099 P233100 P233101 P233102 P233103 P233104 P233105 P233106 P233107 P233108 P233109 P233110 P233111 P233112 P233113 P233114 P233115 P233116 P233117 P233118 P233119 P233120 P233121 P233122 P233123 P233124 P233125 P233126 P233127 P233128 P233129 P233130 P233131 P233132 P233133 P233134 P233135 P233136 P233137 P233138 P233139 P233140 P233141 P233142 P233143 P233144 P233145 P233146 P233147 P233148 P233149 P233150 P233151 P233152 P233153 P233154 P233155 P233156 P233157 P233158 P233159 P233160 P233161 P233162 P233163 P233164 P233165 P233166 P233167 P233168 P233169 P233170 P233171 P233172 P233173 P233174 P233175 P233176 P233177 P233178 P233179 P233180 P233181 P233182 P233183 P233184 P233185 P233186 P233187 P233188 P233189 P233190 P233191 P233192 P233193 P233194 P233195 P233196 P233197 P233198 P233199 P233200 P233201 P233202 P233203 P233204 P233205 P233206 P233207 P233208 P233209 P233210 P233211 P233212 P233213 P233214 P233215 P233216 P233217 P233218 P233219 P233220 P233221 P233222 P233223 P233224 P233225 P233226 P233227 P233228 P233229 P233230 P233231 P233232 P233233 P233234 P233235 P233236 P233237 P233238 P233239 P233240 P233241 P233242 P233243 P233244 P233245 P233246 P233247 P233248 P233249 P233250 P233251 P233252 P233253 P233254 P233255 P233256 P233257 P233258 P233259 P233260 P233261 P233262 P233263 P233264 P233265 P233266 P233267 P233268 P233269 P233270 P233271 P233272 P233273 P233274 P233275 P233276 P233277 P233278 P233279 P233280 P233281 P233282 P233283 P233284 P233285 P233286 P233287 P233288 P233289 P233290 P233291 P233292 P233293 P233294 P233295 P233296 P233297 P233298 P233299 P233300 P233301 P233302 P233303 P233304 P233305 P233306 P233307 P233308 P233309 P233310 P233311 P233312 P233313 P233314 P233315 P233316 P233317 P233318 P233319 P233320 P233321 P233322 P233323 P233324 P233325 P233326 P233327 P233328 P233329 P233330 P233331 P233332 P233333 P233334 P233335 P233336 P233337 P233338 P233339 P233340 P233341 P233342 P233343 P233344 P233345 P233346 P233347 P233348 P233349 P233350 P233351 P233352 P233353 P233354 P233355 P233356 P233357 P233358 P233359 P233360 P233361 P233362 P233363 P233364 P233365 P233366 P233367 P233368 P233369 P233370 P233371 P233372 P233373 P233374 P233375 P233376 P233377 P233378 P233379 P233380 P233381 P233382 P233383 P233384 P233385 P233386 P233387 P233388 P233389 P233390 P233391 P233392 P233393 P233394 P233395 P233396 P233397 P233398 P233399 P233400 P233401 P233402 P233403 P233404 P233405 P233406 P233407 P233408 P233409 P233410 P233411 P233412 P233413 P233414 P233415 P233416 P233417 P233418 P233419 P233420 P233421 P233422 P233423 P233424 P233425 P233426 P233427 P233428 P233429 P233430 P233431 P233432 P233433 P233434 P233435 P233436 P233437 P233438 P233439 P233440 P233441 P233442 P233443 P233444 P233445 P233446 P233447 P233448 P233449 P233450 P233451 P233452 P233453 P233454 P233455 P233456 P233457 P233458 P233459 P233460 P233461 P233462 P233463 P233464 P233465 P233466 P233467 P233468 P233469 P233470 P233471 P233472 P233473 P233474 P233475 P233476 P233477 P233478 P233479 P233480 P233481 P233482 P233483 P233484 P233485 P233486 P233487 P233488 P233489 P233490 P233491 P233492 P233493 P233494 P233495 P233496 P233497 P233498 P233499 P233500 P233501 P233502 P233503 P233504 P233505 P233506 P233507 P233508 P233509 P233510 P233511 P233512 P233513 P233514 P233515 P233516 P233517 P233518 P233519 P233520 P233521 P233522 P233523 P233524 P233525 P233526 P233527 P233528 P233529 P233530 P233531 P233532 P233533 P233534 P233535 P233536 P233537 P233538 P233539 P233540 P233541 P233542 P233543 P233544 P233545 P233546 P233547 P233548 P233549 P233550 P233551 P233552 P233553 P233554 P233555 P233556 P233557 P233558 P233559 P233560 P233561 P233562 P233563 P233564 P233565 P233566 P233567 P233568 P233569 P233570 P233571 P233572 P233573 P233574 P233575 P233576 P233577 P233578 P233579 P233580 P233581 P233582 P233583 P233584 P233585 P233586 P233587 P233588 P233589 P233590 P233591 P233592 P233593 P233594 P233595 P233596 P233597 P233598 P233599 P233600 P233601 P233602 P233603 P233604 P233605 P233606 P233607 P233608 P233609 P233610 P233611 P233612 P233613 P233614 P233615 P233616 P233617 P233618 P233619 P233620 P233621 P233622 P233623 P233624 P233625 P233626 P233627 P233628 P233629 P233630 P233631 P233632 P233633 P233634 P233635 P233636 P233637 P233638 P233639 P233640 P233641 P233642 P233643 P233644 P233645 P233646 P233647 P233648 P233649 P233650 P233651 P233652 P233653 P233654 P233655 P233656 P233657 P233658 P233659 P233660 P233661 P233662 P233663 P233664 P233665 P233666 P233667 P233668 P233669 P233670 P233671 P233672 P233673 P233674 P233675 P233676 P233677 P233678 P233679 P233680 P233681 P233682 P233683 P233684 P233685 P233686 P233687 P233688 P233689 P233690 P233691 P233692 P233693 P233694 P233695 P233696 P233697 P233698 P233699 P233700 P233701 P233702 P233703 P233704 P233705 P233706 P233707 P233708 P233709 P233710 P233711 P233712 P233713 P233714 P233715 P233716 P233717 P233718 P233719 P233720 P233721 P233722 P233723 P233724 P233725 P233726 P233727 P233728 P233729 P233730 P233731 P233732 P233733 P233734 P233735 P233736 P233737 P233738 P233739 P233740 P233741 P233742 P233743 P233744 P233745 P233746 P233747 P233748 P233749 P233750 P233751 P233752 P233753 P233754 P233755 P233756 P233757 P233758 P233759 P233760 P233761 P233762 P233763 P233764 P233765 P233766 P233767 P233768 P233769 P233770 P233771 P233772 P233773 P233774 P233775 P233776 P233777 P233778 P233779 P233780 P233781 P233782 P233783 P233784 P233785 P233786 P233787 P233788 P233789 P233790 P233791 P233792 P233793 P233794 P233795 P233796 P233797 P233798 P233799 P233800 P233801 P233802 P233803 P233804 P233805 P233806 P233807 P233808 P233809 P233810 P233811 P233812 P233813 P233814 P233815 P233816 P233817 P233818 P233819 P233820 P233821 P233822 P233823 P233824 P233825 P233826 P233827 P233828 P233829 P233830 P233831 P233832 P233833 P233834 P233835 P233836 P233837 P233838 P233839 P233840 P233841 P233842 P233843 P233844 P233845 P233846 P233847 P233848 P233849 P233850 P233851 P233852 P233853 P233854 P233855 P233856 P233857 P233858 P233859 P233860 P233861 P233862 P233863 P233864 P233865 P233866 P233867 P233868 P233869 P233870 P233871 P233872 P233873 P233874 P233875 P233876 P233877 P233878 P233879 P233880 P233881 P233882 P233883 P233884 P233885 P233886 P233887 P233888 P233889 P233890 P233891 P233892 P233893 P233894 P233895 P233896 P233897 P233898 P233899 P233901 P233902 P233903 P233904 P233905 P233906 P233907 P233908 P233909 P233910 P233911 P233912 P233913 P233914 P233915 P233916 P233917 P233918 P233919 P234268 P235218 P235280 P235674 P235783 P235994 P236003 P249260 P250421 P250495 P250496 P250541 P250598 P253749 P254342 P257549 P257565 P272549 P272563 P272601 P272784 P272789 P272815 P272892 P273138 P273329 P273342 P273405 P273882 P274109 P274110 P274120 P274595 P274860 P274862 P274864 P274865 P275044 P275048 P275190 P281694 P283927 P286231 P286271 P289835 P289839 P315270 P315476 P323133 P323134 P323135 P323136 P323137 P323138 P323139 P323140 P323141 P323142 P332663 P332801 P332802 P332803 P332804 P332805 P342716 P345956 P362914 P368677 P368687 P370991 P370992 P370993 P370994 P373763 P387689 P387839 P387840 P387841 P387842 P387893 P387894 P387895 P387896 P387897 P387898 P387899 P387900 P387901 P387902 P387903 P387904 P387905 P387906 P387907 P388141 P388390 P391155 P391163 P391165 P391167 P391168 P391169 P391170 P391171 P391173 P391174 P391179 P391180 P391182 P391183 P391184 P391185 P391186 P391189 P391191 P391192 P391193 P391194 P391195 P391196 P391197 P391200 P391201 P391202 P391208 P391211 P391215 P391222 P391223 P391224 P391225 P391242 P391243 P391244 P391245 P391247 P391249 P391252 P391253 P391258 P391273 P391305 P391306 P391307 P404768 P404769 P404770 P404771 P404772 P404777 P404778 P404779 P404782 P405596 P405778 P405779 P405781 P406157 P406158 P406159 P406160 P406161 P406162 P406163 P406164 P406165 P406166 P406167 P406168 P406169 P406170 P406262 P406300 P406301 P406302 P409406 P416148 P416512 P416680 P417314 P417336 P417337 P417435 P417436 P417449 P421689 P423481 P423657 P423846 P423847 P423978 P423979 P424371 P424397 P429325 P429763 P429775 P429990 P431332 P432697 P432698 P432699 P432709 P432837 P433297 P433299 P433300 P433301 P452255 P452982 P453036 P453037 P453144 P453266 P453392 P453412 P459093 P459104 P460919 P460920 P460921 P460922 P460923 P460924 P460925 P460926 P460927 P460928 P460929 P460930 P460931 P460932 P460933 P460934 P460935 P460936 P460937 P460938 P460939 P460940 P460941 P460942 P460943 P460944 P460945 P460946 P460947 P460948 P460949 P460950 P460951 P460952 P460953 P460954 P460955 P460956 P460957 P460958 P460959 P460960 P460961 P460962 P460963 P460964 P460965 P460966 P460967 P460968 P460969 P460970 P460971 P460972 P460973 P460974 P460975 P460976 P460977 P460978 P460979 P460980 P460981 P460982 P460983 P460984 P460990 P461531 P462173 P469840 P469868 P469869 P469870 P469871 P471651 P471653 P471663 P480146 P480687 P480708 P480978 P480994 P480995 P480996 P481945 P491478 P497438 P497966 P498462 P498465 P498493 P498494 P498495 P498558 P500395 P500652 P504427 P504429 P507574 P507575 P507576 P507577 P507615 P507780 P508773 P513038 P513079 P513720 P519466 P519467 P519729 P522152 P525333	Girsu [1111], Sippar-Yahrurum [4], Umma [4], and 383 more exx.	epsd2/royal
Q000909	Gudea 039	LIT	Royal Inscription		Lagaš II	RIME 3/1, p. 137, E3/1.1.7.39		Girsu	Gudea		Girsu	Girsu [1], uncertain [1]	P233923 P233924	Girsu (AO 22121 = RIME 3/1.01.07.039, ex. 02); uncertain (unknown = RIME 3/1.01.07.039, ex. 01)	epsd2/royal
Q000910	Gudea 040	LIT	Royal Inscription		Lagaš II	RIME 3/1, p. 137, E3/1.1.7.40		Girsu	Gudea		Girsu	Girsu [2], uncertain [3]	P232762 P233925 P233926 P500396 P504430	Girsu [2], uncertain [3]	epsd2/royal
Q000911	Gudea 041	LIT	Royal Inscription		Lagaš II	RIME 3/1, p. 138, E3/1.1.7.41		Girsu	Gudea		Girsu	Girsu [315], Lagash [3], Elbonia ? [1], Eridu [1], uncertain [71]	P218085 P232879 P233927 P233928 P233929 P233930 P233931 P233932 P233933 P233934 P233935 P233936 P233937 P233938 P233939 P233940 P233941 P233942 P233943 P233944 P233945 P233946 P233947 P233948 P233949 P233950 P233951 P233952 P233953 P233954 P233955 P233956 P233957 P233958 P233959 P233960 P233961 P233962 P233963 P233964 P233965 P233966 P233967 P233968 P233969 P233970 P233971 P233972 P233973 P233974 P233975 P233976 P233977 P233978 P233979 P233980 P233981 P233982 P233983 P233984 P233985 P233986 P233987 P233988 P233989 P233990 P233991 P233992 P233993 P233994 P233995 P233996 P233997 P233998 P233999 P234000 P234001 P234002 P234003 P234004 P234005 P234006 P234007 P234008 P234009 P234010 P234011 P234012 P234013 P234014 P234015 P234016 P234017 P234018 P234019 P234020 P234021 P234022 P234023 P234024 P234025 P234026 P234027 P234028 P234029 P234030 P234031 P234032 P234033 P234034 P234035 P234036 P234037 P234038 P234039 P234040 P234041 P234042 P234043 P234044 P234045 P234046 P234047 P234048 P234049 P234050 P234051 P234052 P234053 P234054 P234055 P234056 P234057 P234058 P234059 P234060 P234061 P234062 P234063 P234064 P234065 P234066 P234067 P234068 P234069 P234070 P234071 P234072 P234073 P234074 P234075 P234076 P234077 P234078 P234079 P234080 P234081 P234082 P234083 P234084 P234085 P234086 P234087 P234088 P234089 P234090 P234091 P234092 P234093 P234094 P234095 P234096 P234097 P234098 P234099 P234100 P234101 P234102 P234103 P234104 P234105 P234106 P234107 P234108 P234109 P234110 P234111 P234112 P234113 P234114 P234115 P234116 P234117 P234118 P234119 P234120 P234121 P234122 P234123 P234124 P234125 P234126 P234127 P234128 P234129 P234130 P234131 P234132 P234133 P234134 P234135 P234136 P234137 P234138 P234139 P234140 P234141 P234142 P234143 P234144 P234145 P234146 P234147 P234148 P234149 P234150 P234151 P234152 P234153 P234154 P234155 P234156 P234157 P234158 P234159 P234160 P234161 P234162 P234163 P234164 P234165 P234166 P234167 P234168 P234169 P234170 P234171 P234172 P234173 P234174 P234175 P234176 P234177 P234178 P234179 P234180 P234181 P234182 P234183 P234184 P234185 P234186 P234187 P234188 P234189 P234190 P234191 P234192 P234193 P234194 P234195 P234196 P234197 P234198 P234199 P234200 P234201 P234202 P234203 P234204 P234205 P234206 P234207 P234208 P234209 P234210 P234211 P234212 P234213 P234214 P234215 P234216 P234217 P234218 P234219 P234220 P234221 P234222 P234223 P234224 P234225 P234226 P234227 P234228 P234229 P234230 P234231 P234232 P234233 P234234 P234235 P234236 P234237 P234238 P234239 P234240 P234241 P234242 P234243 P234244 P234245 P234246 P234247 P234248 P234249 P234250 P234251 P234252 P234253 P234254 P234255 P234256 P234257 P234258 P234259 P234260 P234261 P234262 P234263 P234264 P234265 P234266 P234267 P234268 P234269 P234270 P234271 P234272 P234273 P234274 P234275 P234276 P234277 P234278 P234279 P234280 P234281 P234282 P234283 P234787 P234788 P234789 P273330 P275035 P286216 P293559 P388140 P389386 P404773 P404781 P423483 P423585 P429993 P432696 P433107 P433108 P433109 P433157 P433165 P448645 P459105 P461086 P464922 P469872 P471652 P480149 P480688 P481701 P498079 P507573 P513795	Girsu [315], Lagash [3], Elbonia ? [1], and 72 more exx.	epsd2/royal
Q000912	Gudea 042	LIT	Royal Inscription		Lagaš II	RIME 3/1, p. 139, E3/1.1.7.42		Girsu	Gudea		Girsu	Girsu [2], Ur [1], uncertain [10]	P233962 P234284 P234285 P234286 P234287 P234288 P234289 P234290 P234291 P234292 P234293 P432710 P481011	Girsu [2], Ur [1], uncertain [10]	epsd2/royal
Q000913	Gudea 043	LIT	Royal Inscription		Lagaš II	RIME 3/1, p. 140, E3/1.1.7.43		Girsu	Gudea		Girsu	Girsu [4], uncertain [1]	P234294 P234295 P234296 P234297 P234298	Girsu [4], uncertain [1]	epsd2/royal
Q000914	Gudea 044	LIT	Royal Inscription		Lagaš II	RIME 3/1, p. 141, E3/1.1.7.44		Girsu	Gudea		Girsu	Girsu [12], uncertain [3]	P234299 P234300 P234301 P234302 P234303 P234304 P234305 P234306 P234307 P234308 P234309 P234310 P234311 P234312 P497361	Girsu [12], uncertain [3]	epsd2/royal
Q000915	Gudea 048	LIT	Royal Inscription		Lagaš II	RIME 3/1, p. 144, E3/1.1.7.48		Girsu	Gudea		Girsu	Girsu [47], Lagash [1], Shuruppak [1], uncertain [34]	P207045 P218084 P218086 P218126 P234316 P234317 P234318 P234319 P234320 P234321 P234322 P234323 P234324 P234325 P234326 P234327 P234328 P234329 P234330 P234331 P234332 P234333 P234334 P234335 P234336 P234337 P234338 P234339 P234340 P234341 P234342 P234343 P234344 P234345 P234346 P234347 P234348 P234349 P234350 P234351 P234352 P234353 P234354 P234355 P234356 P234357 P234358 P234359 P234360 P234361 P234362 P234363 P234364 P234365 P234366 P234367 P234368 P234369 P234370 P234371 P234372 P234373 P234374 P234375 P234376 P234377 P234378 P234379 P234380 P234381 P234382 P235309 P247521 P274856 P275034 P406299 P432700 P458895 P459209 P460986 P460987 P460988 P504428	Girsu [47], Lagash [1], Shuruppak [1], and 34 more exx.	epsd2/royal
Q000916	Gudea 049	LIT	Royal Inscription		Lagaš II	RIME 3/1, p. 145, E3/1.1.7.49		Girsu	Gudea		Lagash	Lagash [32], uncertain [1]	P234383 P234384 P234385 P234386 P234387 P234388 P234389 P234390 P234391 P234392 P234393 P234394 P234395 P234396 P234397 P234398 P234399 P234400 P234401 P234402 P234403 P234404 P234405 P234406 P234407 P234408 P234409 P234410 P234411 P234412 P234413 P234414 P234415	Lagash [32], uncertain [1]	epsd2/royal
Q000917	Gudea 051	LIT	Royal Inscription		Lagaš II	RIME 3/1, p. 146, E3/1.1.7.51		Girsu	Gudea		Girsu	Girsu [14], Lagash [1]	P232881 P234417 P234418 P234419 P234420 P234421 P234422 P234423 P234424 P234425 P234426 P234427 P234428 P234429 P234430	Girsu [14], Lagash [1]	epsd2/royal
Q000918	Gudea 054	LIT	Royal Inscription		Lagaš II	RIME 3/1, p. 149, E3/1.1.7.54		Girsu	Gudea		Lagash	Lagash [2]	P234433 P234434	Lagash (IM — = RIME 3/1.01.07.054, ex. 01, IM — = RIME 3/1.01.07.054, ex. 02)	epsd2/royal
Q000919	Gudea 062	LIT	Royal Inscription		Lagaš II	RIME 3/1, p. 154, E3/1.1.7.62		Girsu	Gudea		Girsu	Girsu [29], uncertain [1]	P234442 P234443 P234444 P234445 P234446 P234447 P234448 P234449 P234450 P234451 P234452 P234453 P234454 P234455 P234456 P234457 P234458 P234459 P234460 P234461 P234462 P234463 P234464 P234465 P234466 P234467 P234468 P234469 P234470 P423488	Girsu [29], uncertain [1]	epsd2/royal
Q000920	Gudea 063	LIT	Royal Inscription		Lagaš II	RIME 3/1, p. 155, E3/1.1.7.63		Girsu	Gudea		Girsu	Girsu [132], Bābili [1], uncertain [8]	P128344 P218139 P234446 P234447 P234448 P234449 P234450 P234451 P234452 P234453 P234454 P234455 P234456 P234457 P234458 P234459 P234460 P234461 P234462 P234463 P234464 P234465 P234466 P234467 P234468 P234469 P234470 P234471 P234472 P234473 P234474 P234475 P234476 P234477 P234478 P234479 P234480 P234481 P234482 P234483 P234484 P234485 P234486 P234487 P234488 P234489 P234490 P234491 P234492 P234493 P234494 P234495 P234496 P234497 P234498 P234499 P234500 P234501 P234502 P234503 P234504 P234505 P234506 P234507 P234508 P234509 P234510 P234511 P234512 P234513 P234514 P234515 P234516 P234517 P234518 P234519 P234520 P234521 P234522 P234523 P234524 P234525 P234526 P234527 P234528 P234529 P234530 P234531 P234532 P234533 P234534 P234535 P234536 P234537 P234538 P234539 P234540 P234541 P234542 P234543 P234544 P234545 P234546 P234547 P234548 P234549 P234550 P234551 P234552 P234553 P234554 P234555 P234556 P235675 P235676 P247881 P269963 P286317 P289882 P289883 P289885 P332996 P387690 P392640 P416500 P417338 P423489 P423490 P423491 P423492 P452254 P467507 P497360 P507579 P507580 P507581 P507582 P507583 P509320 P522153 P522154	Girsu [132], Bābili [1], uncertain [8]	epsd2/royal
Q000921	Gudea 064	LIT	Royal Inscription		Lagaš II	RIME 3/1, p. 156, E3/1.1.7.64		Girsu	Gudea		Girsu	Girsu [1], uncertain [5]	P234557 P234558 P234559 P234560 P234561 P234562	Girsu [1], uncertain [5]	epsd2/royal
Q000922	Gudea 066	LIT	Royal Inscription		Lagaš II	RIME 3/1, p. 157, E3/1.1.7.66		Girsu	Gudea		Girsu	Girsu [3]	P234563 P234564 P234565	Girsu (AO 00190 = RIME 3/1.01.07.066, ex. 01, HMA 9-01794 = RIME 3/1.01.07.066, ex. 03, AO 12921 = RIME 3/1.01.07.066, ex. 02)	epsd2/royal
Q000923	Gudea 067	LIT	Royal Inscription		Lagaš II	RIME 3/1, p. 158, E3/1.1.7.67		Girsu	Gudea		Girsu	Girsu [5], uncertain [2]	P234566 P234567 P234568 P234569 P234570 P234571 P234572	Girsu [5], uncertain [2]	epsd2/royal
Q000924	Gudea 072	LIT	Royal Inscription		Lagaš II	RIME 3/1, p. 162, E3/1.1.7.72		Girsu	Gudea		Girsu	Girsu [4]	P234577 P234578 P234579 P234580	Girsu [4]	epsd2/royal
Q000925	Gudea 073	LIT	Royal Inscription		Lagaš II	RIME 3/1, p. 162, E3/1.1.7.73		Girsu	Gudea		Girsu	Girsu [15], uncertain [12]	P234581 P234582 P234583 P234584 P234585 P234586 P234587 P234588 P234589 P234590 P234591 P234592 P234593 P234594 P234595 P234596 P234597 P234598 P234599 P234600 P234601 P234602 P234603 P234604 P234605 P234606 P404774	Girsu [15], uncertain [12]	epsd2/royal
Q000926	Gudea 080	LIT	Royal Inscription		Lagaš II	RIME 3/1, p. 167, E3/1.1.7.80		Girsu	Gudea		uncertain	uncertain [4]	P234612 P234613 P234614 P234615	uncertain [4]	epsd2/royal
Q000927	Gudea 083	LIT	Royal Inscription		Lagaš II	RIME 3/1, p. 169, E3/1.1.7.83		Girsu	Gudea		Girsu	Girsu [13]	P234617 P234618 P234619 P234620 P234621 P234622 P234623 P234624 P234625 P234626 P234627 P234628 P234629	Girsu [13]	epsd2/royal
Q001473	Gudea 005	LIT	Royal Inscription		Lagaš II	RIME 3/1, p. xx, E3/1.1.7.5		Girsu	Gudea		uncertain	uncertain [1]	P232334	uncertain (YBC 02160 = RIME 3/1.01.07.005, ex. 01)	epsd2/royal
Q001474	Gudea 007	LIT	Royal Inscription		Lagaš II	RIME 3/1, p. xx, E3/1.1.7.7		Girsu	Gudea		Girsu	Girsu [1]	P232337	Girsu (AO 26635 + AO 26670 = RIME 3/1.01.07.007, ex. 01)	epsd2/royal
Q001475	Gudea 009	LIT	Royal Inscription		Lagaš II	RIME 3/1, p. xx, E3/1.1.7.9		Girsu	Gudea		Ur	Ur [1]	P232373	Ur (IM 092969 = RIME 3/1.01.07.009, ex. 01)	epsd2/royal
Q001476	Gudea 010	LIT	Royal Inscription		Lagaš II	RIME 3/1, p. xx, E3/1.1.7.10		Girsu	Gudea		Nippur	Nippur [1]	P232372	Nippur (Ist EŞEM 05213 = RIME 3/1.01.07.010, ex. 01)	epsd2/royal
Q001477	Gudea 011a	LIT	Royal Inscription		Lagaš II	RIME 3/1, p. xx, E3/1.1.7.11a		Girsu	Gudea		Girsu	Girsu [1]	P232421	Girsu (AO 00069 = RIME 3/1.01.07.011a, ex. 01)	epsd2/royal
Q001478	Gudea 012	LIT	Royal Inscription		Lagaš II	RIME 3/1, p. xx, E3/1.1.7.12		Girsu	Gudea		Girsu	Girsu [1]	P232422	Girsu (MAR — = RIME 3/1.01.07.012, ex. 01)	epsd2/royal
Q001479	Gudea 013	LIT	Royal Inscription		Lagaš II	RIME 3/1, p. xx, E3/1.1.7.13		Girsu	Gudea		Girsu	Girsu [1]	P232423	Girsu (AO 12772 = RIME 3/1.01.07.013, ex. 01)	epsd2/royal
Q001480	Gudea 014	LIT	Royal Inscription		Lagaš II	RIME 3/1, p. xx, E3/1.1.7.14		Girsu	Gudea		uncertain	uncertain [1]	P232424	uncertain (VA 02339 = RIME 3/1.01.07.014, ex. 01)	epsd2/royal
Q001481	Gudea 015	LIT	Royal Inscription		Lagaš II	RIME 3/1, p. xx, E3/1.1.7.15		Girsu	Gudea		uncertain	uncertain [1]	P232425	uncertain (AO 20152 = RIME 3/1.01.07.015, ex. 01)	epsd2/royal
Q001482	Gudea 022	LIT	Royal Inscription		Lagaš II	RIME 3/1, p. xx, E3/1.1.7.22		Girsu	Gudea		Girsu	Girsu [1]	P232493	Girsu (Anonymous 232493 = RIME 3/1.01.07.022, ex. 01)	epsd2/royal
Q001483	Gudea 023	LIT	Royal Inscription		Lagaš II	RIME 3/1, p. xx, E3/1.1.7.23		Girsu	Gudea		Girsu	Girsu [1]	P232494	Girsu (AO 26638 = RIME 3/1.01.07.023, ex. 01)	epsd2/royal
Q001484	Gudea 027	LIT	Royal Inscription		Lagaš II	RIME 3/1, p. xx, E3/1.1.7.27		Girsu	Gudea		Girsu	Girsu [1]	P232579	Girsu (BM 090849 (was BM 012148) = RIME 3/1.01.07.027, ex. 01)	epsd2/royal
Q001485	Gudea 028	LIT	Royal Inscription		Lagaš II	RIME 3/1, p. xx, E3/1.1.7.28		Girsu	Gudea		uncertain	uncertain [1]	P232580	uncertain (de Briailles — = RIME 3/1.01.07.028, ex. 01)	epsd2/royal
Q001486	Gudea 030	LIT	Royal Inscription		Lagaš II	RIME 3/1, p. xx, E3/1.1.7.30		Girsu	Gudea		uncertain	uncertain [1]	P232584	uncertain (FLP 2641 = RIME 3/1.01.07.030, ex. 01)	epsd2/royal
Q001487	Gudea 032	LIT	Royal Inscription		Lagaš II	RIME 3/1, p. xx, E3/1.1.7.32		Girsu	Gudea		Ur	Ur [1]	P232741	Ur (BM 119012 = RIME 3/1.01.07.032, ex. 01)	epsd2/royal
Q001488	Gudea 036	LIT	Royal Inscription		Lagaš II	RIME 3/1, p. xx, E3/1.1.7.36		Girsu	Gudea		Girsu	Girsu [1]	P232751	Girsu (AO 00196 = RIME 3/1.01.07.036, ex. 01)	epsd2/royal
Q001489	Gudea 038	LIT	Royal Inscription		Lagaš II	RIME 3/1, p. xx, E3/1.1.7.38		Girsu	Gudea		uncertain	uncertain [1]	P233922	uncertain (BM 087235 = RIME 3/1.01.07.038, ex. 01)	epsd2/royal
Q001490	Gudea 045	LIT	Royal Inscription		Lagaš II	RIME 3/1, p. xx, E3/1.1.7.45		Girsu	Gudea		Girsu	Girsu [1]	P234313	Girsu (unknown = RIME 3/1.01.07.045, ex. 01)	epsd2/royal
Q001491	Gudea 046	LIT	Royal Inscription		Lagaš II	RIME 3/1, p. xx, E3/1.1.7.46		Girsu	Gudea		Girsu	Girsu [1]	P234314	Girsu (AO 26686 = RIME 3/1.01.07.046, ex. 01)	epsd2/royal
Q001492	Gudea 047	LIT	Royal Inscription		Lagaš II	RIME 3/1, p. xx, E3/1.1.7.47		Girsu	Gudea		uncertain	uncertain [1]	P234315	uncertain (RMO A 1951/6.2 = RIME 3/1.01.07.047, ex. 01)	epsd2/royal
Q001493	Gudea 050	LIT	Royal Inscription		Lagaš II	RIME 3/1, p. xx, E3/1.1.7.50		Girsu	Gudea		uncertain	uncertain [1]	P234416	uncertain (Erm 08068 = RIME 3/1.01.07.050, ex. 01)	epsd2/royal
Q001494	Gudea 052	LIT	Royal Inscription		Lagaš II	RIME 3/1, p. xx, E3/1.1.7.52		Girsu	Gudea		Uruk	Uruk [1]	P234431	Uruk (IM — = RIME 3/1.01.07.052, ex. 01)	epsd2/royal
Q001495	Gudea 053	LIT	Royal Inscription		Lagaš II	RIME 3/1, p. xx, E3/1.1.7.53		Girsu	Gudea		Girsu	Girsu [1]	P234432	Girsu (AO 22500 = RIME 3/1.01.07.053, ex. 01)	epsd2/royal
Q001496	Gudea 055a	LIT	Royal Inscription		Lagaš II	RIME 3/1, p. xx, E3/1.1.7.55		Girsu	Gudea		Girsu	Girsu [1]	P234435	Girsu (AO 26639a = RIME 3/1.01.07.055a, ex. 01)	epsd2/royal
Q001497	Gudea 056	LIT	Royal Inscription		Lagaš II	RIME 3/1, p. xx, E3/1.1.7.56		Girsu	Gudea		Girsu	Girsu [1]	P234436	Girsu (AO 00133bis ? = RIME 3/1.01.07.056, ex. 01)	epsd2/royal
Q001498	Gudea 057	LIT	Royal Inscription		Lagaš II	RIME 3/1, p. xx, E3/1.1.7.57		Girsu	Gudea		Girsu	Girsu [1]	P234437	Girsu (YBC 16412 = RIME 3/1.01.07.057, ex. 01)	epsd2/royal
Q001499	Gudea 058	LIT	Royal Inscription		Lagaš II	RIME 3/1, p. xx, E3/1.1.7.58		Girsu	Gudea		Girsu	Girsu [1]	P234438	Girsu (AO 00067 + Ist EŞEM 05555 = RIME 3/1.01.07.058, ex. 01)	epsd2/royal
Q001500	Gudea 059	LIT	Royal Inscription		Lagaš II	RIME 3/1, p. xx, E3/1.1.7.59		Girsu	Gudea		Girsu	Girsu [1]	P234439	Girsu (AO 00073 = RIME 3/1.01.07.059, ex. 01)	epsd2/royal
Q001501	Gudea 060	LIT	Royal Inscription		Lagaš II	RIME 3/1, p. xx, E3/1.1.7.60		Girsu	Gudea		Girsu	Girsu [1]	P234440	Girsu (AO 00059 = RIME 3/1.01.07.060, ex. 01)	epsd2/royal
Q001502	Gudea 061	LIT	Royal Inscription		Lagaš II	RIME 3/1, p. xx, E3/1.1.7.61		Girsu	Gudea		Girsu	Girsu [1]	P234441	Girsu (AO 00132 = RIME 3/1.01.07.061, ex. 01)	epsd2/royal
Q001503	Gudea 065	LIT	Royal Inscription		Lagaš II	RIME 3/1, p. xx, E3/1.1.7.65		Girsu	Gudea		Girsu	Girsu [1]	P234562	Girsu (AO 12763 = RIME 3/1.01.07.064, ex. add07)	epsd2/royal
Q001504	Gudea 068	LIT	Royal Inscription		Lagaš II	RIME 3/1, p. xx, E3/1.1.7.68		Girsu	Gudea		Girsu	Girsu [1]	P234573	Girsu (IM 023090,02 = RIME 3/1.01.07.068, ex. 01)	epsd2/royal
Q001505	Gudea 069	LIT	Royal Inscription		Lagaš II	RIME 3/1, p. xx, E3/1.1.7.69		Girsu	Gudea		Girsu	Girsu [1]	P234574	Girsu (AO 00305 = RIME 3/1.01.07.069, ex. 01)	epsd2/royal
Q001506	Gudea 070	LIT	Royal Inscription		Lagaš II	RIME 3/1, p. xx, E3/1.1.7.70		Girsu	Gudea		Girsu	Girsu [1]	P218161	Girsu (TJ 4803 4806? = RIME 3/1.01.07.070, ex. 01)	epsd2/royal
Q001507	Gudea 071	LIT	Royal Inscription		Lagaš II	RIME 3/1, p. xx, E3/1.1.7.71		Girsu	Gudea		Uruk	Uruk [1]	P234576	Uruk (NBC 02518 = RIME 3/1.01.07.071, ex. 01)	epsd2/royal
Q001508	Gudea 074	LIT	Royal Inscription		Lagaš II	RIME 3/1, p. xx, E3/1.1.7.74		Girsu	Gudea		Girsu	Girsu [1]	P234607	Girsu (AO 21995a = RIME 3/1.01.07.074, ex. 01)	epsd2/royal
Q001509	Gudea 075	LIT	Royal Inscription		Lagaš II	RIME 3/1, p. xx, E3/1.1.7.75		Girsu	Gudea		Girsu	Girsu [1], uncertain [1]	P234608 P272836	Girsu (AO 26661 = RIME 3/1.01.07.075, ex. 01); uncertain (WAM 41.0220 = RIME 3/1.01.07.075, ex. add02)	epsd2/royal
Q001510	Gudea 076	LIT	Royal Inscription		Lagaš II	RIME 3/1, p. xx, E3/1.1.7.76		Girsu	Gudea		uncertain	uncertain [1]	P234609	uncertain (NBC 02517 = RIME 3/1.01.07.076, ex. 01)	epsd2/royal
Q001511	Gudea 077	LIT	Royal Inscription		Lagaš II	RIME 3/1, p. xx, E3/1.1.7.77		Girsu	Gudea		Girsu	Girsu [1]	P234610	Girsu (AO 26644 = RIME 3/1.01.07.077, ex. 01)	epsd2/royal
Q001512	Gudea 078	LIT	Royal Inscription		Lagaš II	RIME 3/1, p. xx, E3/1.1.7.78		Girsu	Gudea		Girsu	Girsu [1]	P221760	Girsu (AO 12108e = RIME 3/1.01.07.078, ex. 01)	epsd2/royal
Q001513	Gudea 079	LIT	Royal Inscription		Lagaš II	RIME 3/1, p. xx, E3/1.1.7.79		Girsu	Gudea		Girsu	Girsu [1]	P234611	Girsu (AO 14124 = RIME 3/1.01.07.079, ex. 01)	epsd2/royal
Q001514	Gudea 081	LIT	Royal Inscription		Lagaš II	RIME 3/1, p. xx, E3/1.1.7.81		Girsu	Gudea		Girsu	Girsu [1]	P221758	Girsu (AO 12108g = RIME 3/1.01.07.081, ex. 01)	epsd2/royal
Q001515	Gudea 082	LIT	Royal Inscription		Lagaš II	RIME 3/1, p. xx, E3/1.1.7.82		Girsu	Gudea		Girsu	Girsu [3]	P234616 P423493 P423494	Girsu (AO — ? = RIME 3/1.01.07.082, ex. 03, AO — ? = RIME 3/1.01.07.082, ex. 01, AO — ? = RIME 3/1.01.07.082, ex. 02)	epsd2/royal
Q001516	Gudea 084	LIT	Royal Inscription		Lagaš II	RIME 3/1, p. xx, E3/1.1.7.84		Girsu	Gudea		Girsu	Girsu [1]	P234631	Girsu (AO 00167 = RIME 3/1.01.07.084, ex. 01)	epsd2/royal
Q001517	Gudea 085	LIT	Royal Inscription		Lagaš II	RIME 3/1, p. xx, E3/1.1.7.85		Girsu	Gudea		Girsu	Girsu [1]	P234632	Girsu (AO 26634 = RIME 3/1.01.07.085, ex. 01)	epsd2/royal
Q001518	Gudea 086	LIT	Royal Inscription		Lagaš II	RIME 3/1, p. xx, E3/1.1.7.86		Girsu	Gudea		Girsu	Girsu [1], uncertain [1]	P234633 P417448	uncertain (ROM 975.035.002 = RIME 3/1.01.07.086, ex. add02); Girsu (AO 12781 = RIME 3/1.01.07.086, ex. 01)	epsd2/royal
Q001519	Gudea 087	LIT	Royal Inscription		Lagaš II	RIME 3/1, p. xx, E3/1.1.7.87		Girsu	Gudea		Girsu	Girsu [1]	P234634	Girsu (AO 00057 = RIME 3/1.01.07.087, ex. 01)	epsd2/royal
Q001520	Gudea 088	LIT	Royal Inscription		Lagaš II	RIME 3/1, p. xx, E3/1.1.7.88		Girsu	Gudea		Uruk	Uruk [1]	P234635	Uruk (unknown = RIME 3/1.01.07.088, ex. 01)	epsd2/royal
Q001521	Gudea 089	LIT	Royal Inscription		Lagaš II	RIME 3/1, p. xx, E3/1.1.7.89		Girsu	Gudea		Girsu	Girsu [1]	P234636	Girsu (AO 00015 = RIME 3/1.01.07.089, ex. 01)	epsd2/royal
Q001522	Gudea 090	LIT	Royal Inscription		Lagaš II	RIME 3/1, p. xx, E3/1.1.7.90		Girsu	Gudea		Girsu	Girsu [1]	P234637	Girsu (AO 29931 = RIME 3/1.01.07.090, ex. 01)	epsd2/royal
Q001523	Gudea 091	LIT	Royal Inscription		Lagaš II	RIME 3/1, p. xx, E3/1.1.7.91		Girsu	Gudea		Girsu	Girsu [1]	P234638	Girsu (NBCWC — = RIME 3/1.01.07.091, ex. 01)	epsd2/royal
Q001524	Šulgi 99add (formerly Gudea 092)	LIT	Royal Inscription		Ur III	RIME 3/1, p. xx, E3/1.1.7.92		Ur	Gudea		Girsu	Girsu [1]	P234639	Girsu (AO 00058 = RIME 3/2.01.02.add099, ex. 01)	epsd2/royal
Q001525	Gudea 093	LIT	Royal Inscription		Lagaš II	RIME 3/1, p. xx, E3/1.1.7.93		Girsu	Gudea		uncertain	uncertain [1]	P234640	uncertain (YBC 02202 = RIME 3/1.01.07.093, ex. 01)	epsd2/royal
Q001526	Gudea 094	LIT	Royal Inscription		Lagaš II	RIME 3/1, p. xx, E3/1.1.7.94		Girsu	Gudea		Girsu	Girsu [1]	P234641	Girsu (AO 00226 = RIME 3/1.01.07.094, ex. 01)	epsd2/royal
Q001527	Gudea 095	LIT	Royal Inscription		Lagaš II	RIME 3/1, p. xx, E3/1.1.7.95		Girsu	Gudea		Ur	Ur [1]	P234642	Ur (IM 001155 = RIME 3/1.01.07.095, ex. 01)	epsd2/royal
Q001528	Gudea 096	LIT	Royal Inscription		Lagaš II	RIME 3/1, p. xx, E3/1.1.7.96		Girsu	Gudea		Girsu	Girsu [1]	P234643	Girsu (AO 12775f = RIME 3/1.01.07.096, ex. 01)	epsd2/royal
Q001529	Gudea 097	LIT	Royal Inscription		Lagaš II	RIME 3/1, p. xx, E3/1.1.7.97		Girsu	Gudea		Girsu	Girsu [1]	P234644	Girsu (AO 12775h = RIME 3/1.01.07.097, ex. 01)	epsd2/royal
Q001530	Gudea 098	LIT	Royal Inscription		Lagaš II	RIME 3/1, p. xx, E3/1.1.7.98		Girsu	Gudea		Girsu	Girsu [1]	P234645	Girsu (AO 12771 = RIME 3/1.01.07.098, ex. 01)	epsd2/royal
Q001531	Gudea 099	LIT	Royal Inscription		Lagaš II	RIME 3/1, p. xx, E3/1.1.7.99		Girsu	Gudea		Girsu	Girsu [1]	P234646	Girsu (AO 00227 = RIME 3/1.01.07.099, ex. 01)	epsd2/royal
Q001532	Gudea 100	LIT	Royal Inscription		Lagaš II	RIME 3/1, p. xx, E3/1.1.7.100		Girsu	Gudea		uncertain	uncertain [1]	P234647	uncertain (VA 04857 = RIME 3/1.01.07.100, ex. 01)	epsd2/royal
Q001533	Gudea Cylinder Fragment 01	LIT	Literary		Lagaš II	RIME 3/1, p. xx, E3/1.1.7		Girsu	Gudea		Girsu	Girsu [1]	P232302	Girsu (MNB 1514a = RIME 3/1.01.07, Cylfrag 01 witness)	epsd2/royal
Q001534	Gudea Cylinder Fragment 06	LIT	Literary		Lagaš II	RIME 3/1, p. xx, E3/1.1.7		Girsu	Gudea		Girsu	Girsu [1]	P232304	Girsu (MNB 1514d = RIME 3/1.01.07, Cylfrag 06 witness)	epsd2/royal
Q001535	Gudea Cylinder Fragment 07	LIT	Literary		Lagaš II	RIME 3/1, p. xx, E3/1.1.7		Girsu	Gudea		Girsu	Girsu [1]	P232305	Girsu (MNB 1514i = RIME 3/1.01.07, Cylfrag 07 witness)	epsd2/royal
Q001536	Gudea Cylinder Fragment 08+03+05+04	LIT	Literary		Lagaš II	RIME 3/1, p. xx, E3/1.1.7		Girsu	Gudea		Girsu	Girsu [1]	P232303	Girsu (MNB 1395 + MNB 1514c + MNB 1514f + MNB 1514h = RIME 3/1.01.07, Cylfrag 03 + 04 + 05 + 08 witness)	epsd2/royal
Q001537	Gudea Cylinder Fragment 09	LIT	Literary		Lagaš II	RIME 3/1, p. xx, E3/1.1.7		Girsu	Gudea		Girsu	Girsu [1]	P232306	Girsu (MNB 1514cbis = RIME 3/1.01.07, Cylfrag 09 witness)	epsd2/royal
Q001538	Gudea Cylinder Fragment 10	LIT	Literary		Lagaš II	RIME 3/1, p. xx, E3/1.1.7		Girsu	Gudea		Girsu	Girsu [1]	P232307	Girsu (MNB 1514b = RIME 3/1.01.07, Cylfrag 10 witness)	epsd2/royal
Q001539	Gudea Cylinder Fragment 11(+02) and 12	LIT	Literary		Lagaš II	RIME 3/1, p. xx, E3/1.1.7		Girsu	Gudea		Girsu	Girsu [1]	P232308	Girsu (AO 06952 + AO 06953 + MNB 1514g = RIME 3/1.01.07, Cylfrag 02 + 12 (+) 11 witness)	epsd2/royal
Q001540	Gudea Statue A	LIT	Royal Inscription		Lagaš II	RIME 3/1, p. xx, E3/1.1.7		Girsu	Gudea		Girsu	Girsu [1]	P232274	Girsu (AO 00008 = RIME 3/1.01.07, St A witness)	epsd2/royal
Q001541	Gudea Statue B	LIT	Royal Inscription		Lagaš II	RIME 3/1, p. xx, E3/1.1.7		Girsu	Gudea		Girsu	Girsu [1]	P232275	Girsu (AO 00002 = RIME 3/1.01.07, St B witness)	epsd2/royal
Q001542	Gudea Statue C	LIT	Royal Inscription		Lagaš II	RIME 3/1, p. xx, E3/1.1.7		Girsu	Gudea		Girsu	Girsu [1]	P232276	Girsu (AO 00005 = RIME 3/1.01.07, St C witness)	epsd2/royal
Q001543	Gudea Statue D	LIT	Royal Inscription		Lagaš II	RIME 3/1, p. xx, E3/1.1.7		Girsu	Gudea		Girsu	Girsu [1]	P232277	Girsu (AO 00001 = RIME 3/1.01.07, St D witness)	epsd2/royal
Q001544	Gudea Statue E	LIT	Royal Inscription		Lagaš II	RIME 3/1, p. xx, E3/1.1.7		Girsu	Gudea		Girsu	Girsu [1]	P232278	Girsu (AO 00006 = RIME 3/1.01.07, St E witness)	epsd2/royal
Q001545	Gudea Statue F	LIT	Royal Inscription		Lagaš II	RIME 3/1, p. xx, E3/1.1.7		Girsu	Gudea		Girsu	Girsu [1]	P232279	Girsu (AO 00003 = RIME 3/1.01.07, St F witness)	epsd2/royal
Q001546	Gudea Statue G	LIT	Royal Inscription		Lagaš II	RIME 3/1, p. xx, E3/1.1.7		Girsu	Gudea		Girsu	Girsu [1]	P232280	Girsu (AO 00007 = RIME 3/1.01.07, St G witness)	epsd2/royal
Q001547	Gudea Statue H	LIT	Royal Inscription		Lagaš II	RIME 3/1, p. xx, E3/1.1.7		Girsu	Gudea		Girsu	Girsu [1]	P232281	Girsu (AO 00004 = RIME 3/1.01.07, St H witness)	epsd2/royal
Q001548	Gudea Statue I	LIT	Royal Inscription		Lagaš II	RIME 3/1, p. xx, E3/1.1.7		Girsu	Gudea		Girsu	Girsu [1]	P232282	Girsu (AO 03293 + AO 04108 = RIME 3/1.01.07, St I witness)	epsd2/royal
Q001549	Gudea Statue K	LIT	Royal Inscription		Lagaš II	RIME 3/1, p. xx, E3/1.1.7		Girsu	Gudea		Girsu	Girsu [1]	P232283	Girsu (AO 00010 = RIME 3/1.01.07, St K witness)	epsd2/royal
Q001551	Gudea Statue M	LIT	Royal Inscription		Lagaš II	RIME 3/1, p. xx, E3/1.1.7		Girsu	Gudea		uncertain	uncertain [1]	P232285	uncertain (DIA 82.064 = RIME 3/1.01.07, St M witness)	epsd2/royal
Q001552	Gudea Statue N	LIT	Royal Inscription		Lagaš II	RIME 3/1, p. xx, E3/1.1.7		Girsu	Gudea		uncertain	uncertain [1]	P232286	uncertain (AO 22126 = RIME 3/1.01.07, St N witness)	epsd2/royal
Q001553	Gudea Statue O	LIT	Royal Inscription		Lagaš II	RIME 3/1, p. xx, E3/1.1.7		Girsu	Gudea		uncertain	uncertain [1]	P232287	uncertain (NCG 0840 = RIME 3/1.01.07, St O witness)	epsd2/royal
Q001554	Gudea Statue P	LIT	Royal Inscription		Lagaš II	RIME 3/1, p. xx, E3/1.1.7		Girsu	Gudea		uncertain	uncertain [1]	P232288	uncertain (MMA 59.02 = RIME 3/1.01.07, St P witness)	epsd2/royal
Q001555	Gudea Statue Q	LIT	Royal Inscription		Lagaš II	RIME 3/1, p. xx, E3/1.1.7		Girsu	Gudea		uncertain	uncertain [1]	P232289	uncertain (IM 002909 + CBS 16664 = RIME 3/1.01.07, St Q witness)	epsd2/royal
Q001556	Gudea Statue R	LIT	Royal Inscription		Lagaš II	RIME 3/1, p. xx, E3/1.1.7		Girsu	Gudea		uncertain	uncertain [1]	P232290	uncertain (SM 1936.05.001 ? = RIME 3/1.01.07, St R witness)	epsd2/royal
Q001557	Gudea Statue S	LIT	Royal Inscription		Lagaš II	RIME 3/1, p. xx, E3/1.1.7		Girsu	Gudea		Girsu	Girsu [1]	P232291	Girsu (Ist EŞEM 05215 = RIME 3/1.01.07, St S witness)	epsd2/royal
Q001558	Gudea Statue T	LIT	Royal Inscription		Lagaš II	RIME 3/1, p. xx, E3/1.1.7		Girsu	Gudea		Nippur	Nippur [1]	P232292	Nippur (Golenishev 5144,1 + UM L.29.212 = RIME 3/1.01.07, St T witness)	epsd2/royal
Q001559	Gudea Statue U	LIT	Royal Inscription		Lagaš II	RIME 3/1, p. xx, E3/1.1.7		Girsu	Gudea		Tell Hammam	Tell Hammam [1]	P232293	Tell Hammam (BM 092988 = RIME 3/1.01.07, St U witness)	epsd2/royal
Q001560	Gudea Statue V	LIT	Royal Inscription		Lagaš II	RIME 3/1, p. xx, E3/1.1.7		Girsu	Gudea		uncertain	uncertain [1]	P232294	uncertain (BM 122910 = RIME 3/1.01.07, St V witness)	epsd2/royal
Q001561	Gudea Statue W	LIT	Royal Inscription		Lagaš II	RIME 3/1, p. xx, E3/1.1.7		Girsu	Gudea		Girsu	Girsu [1]	P232295	Girsu (AO 00020 = RIME 3/1.01.07, St W witness)	epsd2/royal
Q001562	Gudea Statue X	LIT	Royal Inscription		Lagaš II	RIME 3/1, p. xx, E3/1.1.7		Girsu	Gudea		Girsu	Girsu [1]	P232296	Girsu (AO 26646 = RIME 3/1.01.07, St X witness)	epsd2/royal
Q001563	Gudea Statue Y	LIT	Royal Inscription		Lagaš II	RIME 3/1, p. xx, E3/1.1.7		Girsu	Gudea		Girsu	Girsu [1]	P232297	Girsu (AO 26633 = RIME 3/1.01.07, St Y witness)	epsd2/royal
Q001564	Gudea Statue Z	LIT	Royal Inscription		Lagaš II	RIME 3/1, p. xx, E3/1.1.7		Girsu	Gudea		Girsu	Girsu [1]	P232298	Girsu (AO 26637 = RIME 3/1.01.07, St Z witness)	epsd2/royal
Q001565	Gudea Statue AA	LIT	Royal Inscription		Lagaš II	RIME 3/1, p. xx, E3/1.1.7		Girsu	Gudea		Girsu	Girsu [1]	P232299	Girsu (AO 26630 = RIME 3/1.01.07, St AA witness)	epsd2/royal
Q003220	Gudea 55b	LIT	Royal Inscription		Lagaš II	RIME 3/1, p. xx, E3/1.1.7.55		Girsu	Gudea		Girsu	Girsu [2]	P234435 P390442	Girsu (AO 26693b = RIME 3/1.01.07.055b, ex. 01, AO 26639a = RIME 3/1.01.07.055a, ex. 01)	epsd2/royal
Q003228	Gudea 101	LIT	Royal Inscription		Lagaš II			Girsu	Gudea		Girsu	Girsu [1]	P388525	Girsu (JRL 1091 = RIME 3/1.01.07.add101, ex. 01)	epsd2/royal
Q003229	Gudea 102	LIT	Royal Inscription		Lagaš II			Girsu	Gudea						epsd2/royal
Q004877	Gudea 103add	LIT	Royal Inscription		Lagaš II			Girsu							epsd2/royal
Q005312	Gudea Statue L	LIT	Royal Inscription		Lagaš II		RIME 3/1.01.07, Statue L	Girsu			Girsu	Girsu [1]	P232284	Girsu (AO 00028 = RIME 3/1.01.07, St L witness)	epsd2/royal
Q005314	Gudea 104add	LIT	Royal Inscription		Lagaš II		RIME 3/1.01.07.add104	Girsu			uncertain	uncertain [1]	P433110	uncertain (X.3.132 = RIME 3/1.01.07.add104, ex. 01)	epsd2/royal
Q005315	Gudea 105add	LIT	Royal Inscription		Lagaš II		RIME 3/1.01.07.add105	Girsu			uncertain	uncertain [1]	P461059	uncertain (FLP unn70 = RIME 3/1.01.07.add105, ex. 01)	epsd2/royal
Q005316	Gudea 106add	LIT	Royal Inscription		Lagaš II		RIME 3/1.01.07.add106	Girsu			uncertain	uncertain [1]	P471579	uncertain (RIME 3/1.01.07.add106, ex. 01)	epsd2/royal
Q008903	Gudea 2001add (formerly Šu-Suen 2003)	LIT	Royal Inscription		Lagaš II		RIME 3/1.01.07.add2001	Girsu			Girsu	Girsu [3]	P111016 P226577 P458279	Girsu (CDLI Seals 005569 (composite), ITT 2 04216 = TCTI 2 04216 = L. 04216, L. 09827)	epsd2/royal
Q008904	Gudea 2002add	LIT	Royal Inscription		Lagaš II		RIME 3/1.01.07.add2002	Girsu			Girsu	Girsu [1]	P388883	Girsu (LB 0360)	epsd2/royal
Q008905	Gudea 2003add	LIT	Royal Inscription		Lagaš II		RIME 3/1.01.07.add2003	Girsu			Girsu	Girsu [10]	P102103 P112862 P116294 P116362 P116363 P116585 P116587 P116588 P116590 P374210	Girsu [10]	epsd2/royal
Q008906	Gudea 2004add	LIT	Royal Inscription		Lagaš II		RIME 3/1.01.07.add2004	Girsu			Girsu	Girsu [2]	P131122 P455790	Girsu (CDLI Seals 003080 (composite), SAT 1 012 = BM 020962+A)	epsd2/royal
Q000881	Pirigme 1	LIT	Royal Inscription		Lagaš II	RIME 3/1, p. 012, E3/1.1.2.1		Girsu	Pirigme		Girsu	Girsu [3]	P231806 P231807 P513482	Girsu (AO 15300 = RIME 3/1.01.02.01, ex. 01, IM — = RIME 3/1.01.02.01, ex. add03, AO 15301 = RIME 3/1.01.02.01, ex. 02)	epsd2/royal
Q000882	Ur-Bau 01	LIT	Royal Inscription		Lagaš II	RIME 3/1, p. 015, E3/1.1.6.1		Girsu	Ur-Bau		Girsu	Girsu [2], uncertain [3]	P231808 P231809 P231810 P231811 P231812	Girsu [2], uncertain [3]	epsd2/royal
Q000883	Ur-Bau 03	LIT	Royal Inscription		Lagaš II	RIME 3/1, p. 016, E3/1.1.6.3		Girsu	Ur-Bau		Girsu	Girsu [4]	P231814 P231815 P231816 P452216	Girsu [4]	epsd2/royal
Q000884	Ur-Bau 04	LIT	Royal Inscription		Lagaš II	RIME 3/1, p. 017, E3/1.1.6.4		Girsu	Ur-Bau		Girsu	Girsu [430], Sippar-Yahrurum [2], uncertain [59]	P222955 P231817 P231818 P231819 P231820 P231821 P231822 P231823 P231824 P231825 P231826 P231827 P231828 P231829 P231830 P231831 P231832 P231833 P231834 P231835 P231836 P231837 P231838 P231839 P231840 P231841 P231842 P231843 P231844 P231845 P231846 P231847 P231848 P231849 P231850 P231851 P231852 P231853 P231854 P231855 P231856 P231857 P231858 P231859 P231860 P231861 P231862 P231863 P231864 P231865 P231866 P231867 P231868 P231869 P231870 P231871 P231872 P231873 P231874 P231875 P231876 P231877 P231878 P231879 P231880 P231881 P231882 P231883 P231884 P231885 P231886 P231887 P231888 P231889 P231890 P231891 P231892 P231893 P231894 P231895 P231896 P231897 P231898 P231899 P231900 P231901 P231902 P231903 P231904 P231905 P231906 P231907 P231908 P231909 P231910 P231911 P231912 P231913 P231914 P231915 P231916 P231917 P231918 P231919 P231920 P231921 P231922 P231923 P231924 P231925 P231926 P231927 P231928 P231929 P231930 P231931 P231932 P231933 P231934 P231935 P231936 P231937 P231938 P231939 P231940 P231941 P231942 P231943 P231944 P231945 P231946 P231947 P231948 P231949 P231950 P231951 P231952 P231953 P231954 P231955 P231956 P231957 P231958 P231959 P231960 P231961 P231962 P231963 P231964 P231965 P231966 P231967 P231968 P231969 P231970 P231971 P231972 P231973 P231974 P231975 P231976 P231977 P231978 P231979 P231980 P231981 P231982 P231983 P231984 P231985 P231986 P231987 P231988 P231989 P231990 P231991 P231992 P231993 P231994 P231995 P231996 P231997 P231998 P231999 P232000 P232001 P232002 P232003 P232004 P232005 P232006 P232007 P232008 P232009 P232010 P232011 P232012 P232013 P232014 P232015 P232016 P232017 P232018 P232019 P232020 P232021 P232022 P232023 P232024 P232025 P232026 P232027 P232028 P232029 P232030 P232031 P232032 P232033 P232034 P232035 P232036 P232037 P232038 P232039 P232040 P232041 P232042 P232043 P232044 P232045 P232046 P232047 P232048 P232049 P232050 P232051 P232052 P232053 P232054 P232055 P232056 P232057 P232058 P232059 P232060 P232061 P232062 P232063 P232064 P232065 P232066 P232067 P232068 P232069 P232070 P232071 P232072 P232073 P232074 P232075 P232076 P232077 P232078 P232079 P232080 P232081 P232082 P232083 P232084 P232085 P232086 P232087 P232088 P232089 P232090 P232091 P232092 P232093 P232094 P232095 P232096 P232097 P232098 P232099 P232100 P232101 P232102 P232103 P232104 P232105 P232106 P232107 P232108 P232109 P232110 P232111 P232112 P232113 P232114 P232115 P232116 P232117 P232118 P232119 P232120 P232121 P232122 P232123 P232124 P232125 P232126 P232127 P232128 P232129 P232130 P232131 P232132 P232133 P232134 P232135 P232136 P232137 P232138 P232139 P232140 P232141 P232142 P232143 P232144 P232145 P232146 P232147 P232148 P232149 P232150 P232151 P232152 P232153 P232154 P232155 P232156 P232157 P232158 P232159 P232160 P232161 P232162 P232163 P232164 P232165 P232166 P232167 P232168 P232169 P232170 P232171 P232172 P232173 P232174 P232175 P232176 P232177 P232178 P232179 P232180 P232181 P232182 P232183 P232184 P232185 P232186 P232187 P232188 P232189 P232190 P232191 P232192 P232193 P232194 P232195 P232196 P232197 P232198 P232199 P232200 P232201 P232202 P232203 P232204 P232205 P232206 P232207 P232208 P232209 P232210 P232211 P232212 P232213 P232214 P232215 P232216 P232217 P232218 P232219 P232220 P232221 P232222 P232223 P232224 P232225 P232226 P232227 P232228 P232229 P232230 P232231 P232232 P232233 P232234 P232235 P232236 P232237 P232238 P232239 P232240 P232241 P232242 P232243 P232244 P232245 P232246 P232247 P232248 P232249 P232250 P232251 P232252 P232253 P232254 P232255 P232256 P232257 P232259 P232260 P264463 P264550 P264578 P289858 P388143 P388826 P391209 P391210 P391212 P391213 P391214 P391216 P391217 P391220 P391221 P391226 P391230 P391241 P391248 P391299 P391300 P404775 P405776 P406172 P406173 P406174 P406175 P406176 P406177 P406178 P406179 P406180 P406181 P406182 P406183 P406184 P406185 P423848 P424363 P430034 P432695 P453130 P461085 P461845 P464926 P480746 P496462	Girsu [430], Sippar-Yahrurum [2], uncertain [59]	epsd2/royal
Q000885	Ur-Bau 12	LIT	Royal Inscription		Lagaš II	RIME 3/1, p. 024, E3/1.1.6.12		Girsu	Ur-Bau		Ur	Ur [2]	P232268 P232269	Ur (BM 116445 = RIME 3/1.01.06.12, ex. 01, BM 116457 = RIME 3/1.01.06.12, ex. 02)	epsd2/royal
Q000886	Ur-Bau 13	LIT	Royal Inscription		Lagaš II	RIME 3/1, p. 025, E3/1.1.6.13		Girsu	Ur-Bau		Ur	Ur [4]	P232270 P232271 P232272 P232273	Ur [4]	epsd2/royal
Q000928	Ur-Ningirsu II 02	LIT	Royal Inscription		Lagaš II	RIME 3/1, p. 182, E3/1.1.8.2		Girsu	Ur-Ningirsu II		Girsu	Girsu [8], Ur [1], uncertain [4]	P234649 P234650 P234651 P234652 P234653 P234654 P234655 P234656 P234657 P234658 P234790 P480155 P480156	Girsu [8], Ur [1], uncertain [4]	epsd2/royal
Q000929	Ur-Ningirsu II 03	LIT	Royal Inscription		Lagaš II	RIME 3/1, p. 183, E3/1.1.8.3		Girsu	Ur-Ningirsu II		Girsu	Girsu [3], uncertain [1]	P234659 P234660 P234661 P498457	Girsu [3], uncertain [1]	epsd2/royal
Q000930	Nammahni 02	LIT	Royal Inscription		Lagaš II	RIME 3/1, p. 195, E3/1.1.12.2		Girsu	Nammahni		Diqdiqqah	Diqdiqqah [2], uncertain [1]	P234674 P234675 P247584	uncertain (Clark 001 = RIME 3/1.01.12.02, ex. add03 ?); Diqdiqqah (AO 26690 = RIME 3/1.01.12.02, ex. 02, BM 123338 = RIME 3/1.01.12.02, ex. 01)	epsd2/royal
Q000931	Nammahni 03	LIT	Royal Inscription		Lagaš II	RIME 3/1, p. 196, E3/1.1.12.3		Girsu	Nammahni		Girsu	Girsu [4], uncertain [19]	P234676 P234677 P234678 P234679 P234680 P234681 P234682 P234683 P234684 P234685 P234686 P234687 P234688 P234689 P234690 P234691 P234692 P234693 P293705 P315475 P408032 P464923 P522155	Girsu [4], uncertain [19]	epsd2/royal
Q000932	Nammahni 07	LIT	Royal Inscription		Lagaš II	RIME 3/1, p. 199, E3/1.1.12.7		Girsu	Nammahni		Girsu	Girsu [2], uncertain [1]	P234697 P234698 P234699	Girsu (AO 00271c = RIME 3/1.01.12.07, ex. 03, unknown = RIME 3/1.01.12.07, ex. 02); uncertain (BM 022445 = RIME 3/1.01.12.07, ex. 01)	epsd2/royal
Q000933	Nammahni 11	LIT	Royal Inscription		Lagaš II	RIME 3/1, p. 202, E3/1.1.12.11		Girsu	Nammahni		Girsu	Girsu [1], uncertain [1]	P234704 P234705	uncertain (Golenishev 5152 = RIME 3/1.01.12.11, ex. 01); Girsu (unknown = RIME 3/1.01.12.11, ex. 02)	epsd2/royal
Q000934	Nammahni 17	LIT	Royal Inscription		Lagaš II	RIME 3/1, p. 206, E3/1.1.12.17		Girsu	Nammahni		Girsu	Girsu [2], uncertain [2]	P234711 P234712 P234713 P247583	Girsu [2], uncertain [2]	epsd2/royal
Q001459	Ur-Ningirsu I 1	LIT	Royal Inscription		Lagaš II	RIME 3/1, p. xx, E3/1.1.1.1		Girsu	Ur-Ningirsu I		uncertain	uncertain [1]	P231800	uncertain (YBC 02248 = RIME 3/1.01.01.01, ex. 01)	epsd2/royal
Q001460	Ur-Ningirsu I 2	LIT	Royal Inscription		Lagaš II	RIME 3/1, p. xx, E3/1.1.1.2		Girsu	Ur-Ningirsu I		uncertain	uncertain [1]	P231801	uncertain (YBC 02128 = RIME 3/1.01.01.02, ex. 01)	epsd2/royal
Q001461	Ur-Ningirsu I 3	LIT	Royal Inscription		Lagaš II	RIME 3/1, p. xx, E3/1.1.1.3		Girsu	Ur-Ningirsu I		uncertain	uncertain [1]	P231802	uncertain (Erm 15633 = RIME 3/1.01.01.03, ex. 01)	epsd2/royal
Q001462	Ur-Ningirsu I 4	LIT	Royal Inscription		Lagaš II	RIME 3/1, p. xx, E3/1.1.1.4		Girsu	Ur-Ningirsu I		Larsa	Larsa [1]	P231803	Larsa (L.76.17 = RIME 3/1.01.01.04, ex. 01)	epsd2/royal
Q001463	Ur-Ningirsu I 5	LIT	Royal Inscription		Lagaš II	RIME 3/1, p. xx, E3/1.1.1.5		Girsu	Ur-Ningirsu I		uncertain	uncertain [1]	P231804	uncertain (YBC 02301 = RIME 3/1.01.01.05, ex. 01)	epsd2/royal
Q001464	Ur-Ningirsu I 6	LIT	Royal Inscription		Lagaš II	RIME 3/1, p. xx, E3/1.1.1.6		Girsu	Ur-Ningirsu I		uncertain	uncertain [1]	P231805	uncertain (YBC 02162 = RIME 3/1.01.01.06, ex. 01)	epsd2/royal
Q001465	Ur-Bau 02	LIT	Royal Inscription		Lagaš II	RIME 3/1, p. xx, E3/1.1.6.2		Girsu	Ur-Bau		Girsu	Girsu [1]	P231813	Girsu (AO 00099 = RIME 3/1.01.06.02, ex. 01)	epsd2/royal
Q001466	Ur-Bau 05	LIT	Royal Inscription		Lagaš II	RIME 3/1, p. xx, E3/1.1.6.5		Girsu	Ur-Bau		Girsu	Girsu [1]	P232261	Girsu (AO 00009 = RIME 3/1.01.06.05, ex. 01)	epsd2/royal
Q001467	Ur-Bau 06	LIT	Royal Inscription		Lagaš II	RIME 3/1, p. xx, E3/1.1.6.6		Girsu	Ur-Bau		Girsu	Girsu [2]	P232262 P233969	Girsu (AO 00311 = RIME 3/1.01.06.06, ex. add03 ?, AO 00261 = RIME 3/1.01.06.06, ex. 01)	epsd2/royal
Q001468	Ur-Bau 07	LIT	Royal Inscription		Lagaš II	RIME 3/1, p. xx, E3/1.1.6.7		Girsu	Ur-Bau		Girsu	Girsu [1]	P232263	Girsu (AO 00271b = RIME 3/1.01.06.07, ex. 01)	epsd2/royal
Q001469	Ur-Bau 08	LIT	Royal Inscription		Lagaš II			Girsu	Ur-Bau						epsd2/royal
Q001470	Ur-Bau 09	LIT	Royal Inscription		Lagaš II	RIME 3/1, p. xx, E3/1.1.6.9		Girsu	Ur-Bau		Girsu	Girsu [1]	P232266	Girsu (AO 12775i = RIME 3/1.01.06.09, ex. 01)	epsd2/royal
Q001471	Ur-Bau 10	LIT	Royal Inscription		Lagaš II	RIME 3/1, p. xx, E3/1.1.6.10		Girsu	Ur-Bau		Girsu	Girsu [1]	P232265	Girsu (AO 26650 = RIME 3/1.01.06.10, ex. 01)	epsd2/royal
Q001472	Ur-Bau 11	LIT	Royal Inscription		Lagaš II	RIME 3/1, p. xx, E3/1.1.6.11		Girsu	Ur-Bau		Girsu	Girsu [1]	P232267	Girsu (AO 00211 = RIME 3/1.01.06.11, ex. 01)	epsd2/royal
Q001566	Ur-Ningirsu II 01	LIT	Royal Inscription		Lagaš II	RIME 3/1, p. xx, E3/1.1.8.1		Girsu	Ur-Ningirsu II		Girsu	Girsu [1]	P234648	Girsu (BM 090845 = RIME 3/1.01.08.01, ex. 01)	epsd2/royal
Q001567	Ur-Ningirsu II 04	LIT	Royal Inscription		Lagaš II	RIME 3/1, p. xx, E3/1.1.8.4		Girsu	Ur-Ningirsu II		Girsu	Girsu [1]	P234662	Girsu (AO 26651 = RIME 3/1.01.08.04, ex. 01)	epsd2/royal
Q001568	Ur-Ningirsu II 05	LIT	Royal Inscription		Lagaš II	RIME 3/1, p. xx, E3/1.1.8.5		Girsu	Ur-Ningirsu II		uncertain	uncertain [1]	P234663	uncertain (BM 086917 = RIME 3/1.01.08.05, ex. 01)	epsd2/royal
Q001569	Ur-Ningirsu II 06	LIT	Royal Inscription		Lagaš II	RIME 3/1, p. xx, E3/1.1.8.6		Girsu	Ur-Ningirsu II		Girsu	Girsu [1]	P234664	Girsu (AO 09504 + MMA 47.100.86 = RIME 3/1.01.08.06, ex. 01)	epsd2/royal
Q001570	Ur-Ningirsu II 07	LIT	Royal Inscription		Lagaš II	RIME 3/1, p. xx, E3/1.1.8.7		Girsu	Ur-Ningirsu II		uncertain	uncertain [1]	P234665	uncertain (VA 08790 = RIME 3/1.01.08.07, ex. 01)	epsd2/royal
Q001571	Ur-Ningirsu II 08	LIT	Royal Inscription		Lagaš II	RIME 3/1, p. xx, E3/1.1.8.8		Girsu	Ur-Ningirsu II		uncertain	uncertain [1]	P234666	uncertain (VA 08788 = RIME 3/1.01.08.08, ex. 01)	epsd2/royal
Q001572	Ur-Ningirsu II 09	LIT	Royal Inscription		Lagaš II	RIME 3/1, p. xx, E3/1.1.8.9		Girsu	Ur-Ningirsu II		Girsu	Girsu [1]	P234667	Girsu (AO 00209 = RIME 3/1.01.08.09, ex. 01)	epsd2/royal
Q001573	Ur-Ningirsu II 10	LIT	Royal Inscription		Lagaš II	RIME 3/1, p. xx, E3/1.1.8.10		Girsu	Ur-Ningirsu II		uncertain	uncertain [1]	P234668	uncertain (IM 045062 = RIME 3/1.01.08.10, ex. 01)	epsd2/royal
Q001574	Urgar 1	LIT	Royal Inscription		Lagaš II	RIME 3/1, p. xx, E3/1.1.9.1		Girsu	Urgar		uncertain	uncertain [1]	P234669	uncertain (Golenishev 5151 = RIME 3/1.01.09.01, ex. 01)	epsd2/royal
Q001575	Urgar 2	LIT	Royal Inscription		Lagaš II	RIME 3/1, p. xx, E3/1.1.9.2		Girsu	Urgar		Girsu	Girsu [1]	P234670	Girsu (unknown = RIME 3/1.01.09.02, ex. 01)	epsd2/royal
Q001576	Urgar 3	LIT	Royal Inscription		Lagaš II	RIME 3/1, p. xx, E3/1.1.9.3		Girsu	Urgar		Girsu	Girsu [1]	P234671	Girsu (IM 011952 = RIME 3/1.01.09.03, ex. 01)	epsd2/royal
Q001577	Urmama 1	LIT	Royal Inscription		Lagaš II	RIME 3/1, p. xx, E3/1.1.11.1		Girsu	Urmama		Girsu	Girsu [1]	P234672	Girsu (AO 03284 = RIME 3/1.01.11.01, ex. 01)	epsd2/royal
Q001578	Nammahni 01	LIT	Royal Inscription		Lagaš II	RIME 3/1, p. xx, E3/1.1.12.1		Girsu	Nammahni		uncertain	uncertain [1]	P234673	uncertain (AO 00101 = RIME 3/1.01.12.01, ex. 01)	epsd2/royal
Q001579	Nammahni 04	LIT	Royal Inscription		Lagaš II	RIME 3/1, p. xx, E3/1.1.12.4		Girsu	Nammahni		Girsu	Girsu [1]	P234694	Girsu (AO 03286 = RIME 3/1.01.12.04, ex. 01)	epsd2/royal
Q001580	Nammahni 05	LIT	Royal Inscription		Lagaš II	RIME 3/1, p. xx, E3/1.1.12.5		Girsu	Nammahni		Girsu	Girsu [1]	P234695	Girsu (Ist EŞEM 00481 = RIME 3/1.01.12.05, ex. 01)	epsd2/royal
Q001581	Nammahni 06	LIT	Royal Inscription		Lagaš II	RIME 3/1, p. xx, E3/1.1.12.6		Girsu	Nammahni		Girsu	Girsu [1]	P234696	Girsu (AO — = RIME 3/1.01.12.06, ex. 01)	epsd2/royal
Q001582	Nammahni 08	LIT	Royal Inscription		Lagaš II	RIME 3/1, p. xx, E3/1.1.12.8		Girsu	Nammahni		Girsu	Girsu [1]	P234700	Girsu (BM — = RIME 3/1.01.12.08, ex. 01)	epsd2/royal
Q001583	Nammahni 09	LIT	Royal Inscription		Lagaš II	RIME 3/1, p. xx, E3/1.1.12.9		Girsu	Nammahni		Girsu	Girsu [1]	P234701	Girsu (unknown = RIME 3/1.01.12.09, ex. 01)	epsd2/royal
Q001584	Nammahni 10	LIT	Royal Inscription		Lagaš II	RIME 3/1, p. xx, E3/1.1.12.10		Girsu	Nammahni		Girsu	Girsu [1]	P234703	Girsu (BM 022469 = RIME 3/1.01.12.10, ex. 01)	epsd2/royal
Q001585	Nammahni 12	LIT	Royal Inscription		Lagaš II	RIME 3/1, p. xx, E3/1.1.12.12		Girsu	Nammahni		Girsu	Girsu [1]	P234706	Girsu (unknown = RIME 3/1.01.12.12, ex. 01)	epsd2/royal
Q001586	Nammahni 13	LIT	Royal Inscription		Lagaš II	RIME 3/1, p. xx, E3/1.1.12.13		Girsu	Nammahni		uncertain	uncertain [1]	P234707	uncertain (BM 088392 = RIME 3/1.01.12.13, ex. 01)	epsd2/royal
Q001587	Nammahni 14	LIT	Royal Inscription		Lagaš II	RIME 3/1, p. xx, E3/1.1.12.14		Girsu	Nammahni		Girsu	Girsu [1]	P234708	Girsu (AO 03285 = RIME 3/1.01.12.14, ex. 01)	epsd2/royal
Q001588	Nammahni 15	LIT	Royal Inscription		Lagaš II	RIME 3/1, p. xx, E3/1.1.12.15		Girsu	Nammahni		Girsu	Girsu [1]	P234709	Girsu (AO 00310 = RIME 3/1.01.12.15, ex. 01)	epsd2/royal
Q001589	Nammahni 16	LIT	Royal Inscription		Lagaš II	RIME 3/1, p. xx, E3/1.1.12.16		Girsu	Nammahni		uncertain	uncertain [1]	P234710	uncertain (AO 00271a = RIME 3/1.01.12.16, ex. 01)	epsd2/royal
Q001590	Hala-Bau 1001	LIT	Royal Inscription		Lagaš II	RIME 3/1, p. xx, E3/1.1.0.1001		Girsu	Hala-Bau						epsd2/royal
Q001591	Lagaš II Unidentified 1002	LIT	Royal Inscription		Lagaš II	RIME 3/1, p. xx, E3/1.1.0.1002		Girsu	Lagaš II		Girsu	Girsu [1]	P234715	Girsu (AO 15392 = RIME 3/1.01.x0.1002, ex. 01)	epsd2/royal
Q001592	Lagaš II Unidentified 1003	LIT	Royal Inscription		Lagaš II	RIME 3/1, p. xx, E3/1.1.0.1003		Girsu	Lagaš II		Girsu	Girsu [1]	P234716	Girsu (AO 00002bis ? = RIME 3/1.01.x0.1003, ex. 01)	epsd2/royal
Q001593	Lagaš II Unidentified 1004	LIT	Royal Inscription		Lagaš II	RIME 3/1, p. xx, E3/1.1.0.1004		Girsu	Lagaš II		Girsu	Girsu [1]	P234717	Girsu (AO 00166 = RIME 3/1.01.x0.1004, ex. 01)	epsd2/royal
Q001594	Lagaš II Unidentified 1005	LIT	Royal Inscription		Lagaš II	RIME 3/1, p. xx, E3/1.1.0.1005		Girsu	Lagaš II		Girsu	Girsu [1]	P221763	Girsu (AO 12775m = RIME 3/1.01.x0.1005, ex. 01)	epsd2/royal
Q001595	Lagaš II Unidentified 1006	LIT	Royal Inscription		Lagaš II	RIME 3/1, p. xx, E3/1.1.0.1006		Girsu	Lagaš II		Girsu	Girsu [1]	P234718	Girsu (AO 12920 = RIME 3/1.01.x0.1006, ex. 01)	epsd2/royal
Q001596	Lagaš II Unidentified 1007	LIT	Royal Inscription		Lagaš II	RIME 3/1, p. xx, E3/1.1.0.1007		Girsu	Lagaš II		Girsu	Girsu [1]	P234719	Girsu (AO 02886f = RIME 3/1.01.x0.1007, ex. 01)	epsd2/royal
Q001597	Lagaš II Unidentified 1008	LIT	Royal Inscription		Lagaš II	RIME 3/1, p. xx, E3/1.1.0.1008		Girsu	Lagaš II		Girsu	Girsu [1]	P234720	Girsu (AO 02886i = RIME 3/1.01.x0.1008, ex. 01)	epsd2/royal
Q001598	Lagaš II Unidentified 1009	LIT	Royal Inscription		Lagaš II	RIME 3/1, p. xx, E3/1.1.0.1009		Girsu	Lagaš II		Girsu	Girsu [1]	P234721	Girsu (AO 00133 = RIME 3/1.01.x0.1009, ex. 01)	epsd2/royal
Q001599	Lagaš II Unidentified 1010	LIT	Royal Inscription		Lagaš II	RIME 3/1, p. xx, E3/1.1.0.1010		Girsu	Lagaš II		Girsu	Girsu [1]	P234722	Girsu (AO 00196bis ? = RIME 3/1.01.x0.1010, ex. 01)	epsd2/royal
Q001600	Lagaš II Unidentified 1011	LIT	Royal Inscription		Lagaš II	RIME 3/1, p. xx, E3/1.1.0.1011		Girsu	Lagaš II		Girsu	Girsu [1]	P234723	Girsu (AO 16652 = RIME 3/1.01.x0.1011, ex. 01)	epsd2/royal
Q001601	Lagaš II Unidentified 1012	LIT	Royal Inscription		Lagaš II	RIME 3/1, p. xx, E3/1.1.0.1012		Girsu	Lagaš II		Girsu	Girsu [1]	P234724	Girsu (AO 12108d = RIME 3/1.01.x0.1012, ex. 01)	epsd2/royal
Q001602	Lagaš II Unidentified 1013	LIT	Royal Inscription		Lagaš II	RIME 3/1, p. xx, E3/1.1.0.1013		Girsu	Lagaš II		Girsu	Girsu [1]	P234725	Girsu (AO 02761 = RIME 3/1.01.x0.1013, ex. 01)	epsd2/royal
Q001603	Lagaš II Unidentified 1014	LIT	Royal Inscription		Lagaš II	RIME 3/1, p. xx, E3/1.1.0.1014		Girsu	Lagaš II		Girsu	Girsu [1]	P234726	Girsu (AO 12775a = RIME 3/1.01.x0.1014, ex. 01)	epsd2/royal
Q001604	Lagaš II Unidentified 1015	LIT	Royal Inscription		Lagaš II	RIME 3/1, p. xx, E3/1.1.0.1015		Girsu	Lagaš II		Girsu	Girsu [1]	P234727	Girsu (AO 02886d = RIME 3/1.01.x0.1015, ex. 01)	epsd2/royal
Q001605	Lagaš II Unidentified 1016	LIT	Royal Inscription		Lagaš II	RIME 3/1, p. xx, E3/1.1.0.1016		Girsu	Lagaš II		Girsu	Girsu [1]	P234728	Girsu (AO 02886k = RIME 3/1.01.x0.1016, ex. 01)	epsd2/royal
Q001606	Lagaš II Unidentified 1017	LIT	Royal Inscription		Lagaš II	RIME 3/1, p. xx, E3/1.1.0.1017		Girsu	Lagaš II		Girsu	Girsu [1]	P234729	Girsu (AO 02886p = RIME 3/1.01.x0.1017, ex. 01)	epsd2/royal
Q001607	Lagaš II Unidentified 1018	LIT	Royal Inscription		Lagaš II	RIME 3/1, p. xx, E3/1.1.0.1018		Girsu	Lagaš II		Girsu	Girsu [1]	P234730	Girsu (AO 00216 = RIME 3/1.01.x0.1018, ex. 01)	epsd2/royal
Q001608	Lagaš II Unidentified 1019	LIT	Royal Inscription		Lagaš II	RIME 3/1, p. xx, E3/1.1.0.1019		Girsu	Lagaš II		Girsu	Girsu [1]	P234731	Girsu (AO 04441 = RIME 3/1.01.x0.1019, ex. 01)	epsd2/royal
Q001609	Lagaš II Unidentified 1020	LIT	Royal Inscription		Lagaš II	RIME 3/1, p. xx, E3/1.1.0.1020		Girsu	Lagaš II		Girsu	Girsu [1]	P221761	Girsu (AO 12108f = RIME 3/1.01.x0.1020, ex. 01)	epsd2/royal
Q001610	Lagaš II Unidentified 1021	LIT	Royal Inscription		Lagaš II	RIME 3/1, p. xx, E3/1.1.0.1021		Girsu	Lagaš II		Girsu	Girsu [1]	P221762	Girsu (AO 12108a = RIME 3/1.01.x0.1021, ex. 01)	epsd2/royal
Q001611	Lagaš II Unidentified 1022	LIT	Royal Inscription		Lagaš II	RIME 3/1, p. xx, E3/1.1.0.1022		Girsu	Lagaš II		Girsu	Girsu [1]	P234732	Girsu (AO 04643 = RIME 3/1.01.x0.1022, ex. 01)	epsd2/royal
Q001612	Lagaš II Unidentified 1023	LIT	Royal Inscription		Lagaš II	RIME 3/1, p. xx, E3/1.1.0.1023		Girsu	Lagaš II		Girsu	Girsu [1]	P234733	Girsu (AO 12775c = RIME 3/1.01.x0.1023, ex. 01)	epsd2/royal
Q001613	Lagaš II Unidentified 1024	LIT	Royal Inscription		Lagaš II	RIME 3/1, p. xx, E3/1.1.0.1024		Girsu	Lagaš II		Girsu	Girsu [1]	P234734	Girsu (AO 00174 = RIME 3/1.01.x0.1024, ex. 01)	epsd2/royal
Q001614	Lagaš II Unidentified 1025	LIT	Royal Inscription		Lagaš II	RIME 3/1, p. xx, E3/1.1.0.1025		Girsu	Lagaš II		Girsu	Girsu [1]	P234735	Girsu (YBC 02300 = RIME 3/1.01.x0.1025, ex. 01)	epsd2/royal
Q001615	Lagaš II Unidentified 1026	LIT	Royal Inscription		Lagaš II	RIME 3/1, p. xx, E3/1.1.0.1026		Girsu	Lagaš II		Girsu	Girsu [1]	P234736	Girsu (MAR 4737 = RIME 3/1.01.x0.1026, ex. 01)	epsd2/royal
Q001616	Lagaš II Unidentified 1027	LIT	Royal Inscription		Lagaš II	RIME 3/1, p. xx, E3/1.1.0.1027		Girsu	Lagaš II		Girsu	Girsu [1]	P234737	Girsu (IM 042085 = RIME 3/1.01.x0.1027, ex. 01)	epsd2/royal
Q004255	Lagaš II Unidentified 1028add	LIT	Royal Inscription		Lagaš II	FAOS 09/1, Lagaš 01		Lagaš	Lagaš II		Girsu	Girsu [1]	P315451	Girsu (AO 12774 = RIME 3/1.01.x0.add1028, ex. 01)	epsd2/royal
Q004256	Lagaš II Unidentified 1029add	LIT	Royal Inscription		Lagaš II	FAOS 09/1, Lagaš 03		Lagaš	Lagaš II		uncertain	uncertain [1]	P247586	uncertain (AO 00070 = RIME 3/1.01.x0.add1029, ex. 01)	epsd2/royal
Q004257	Lagaš II Unidentified 1030add	LIT	Royal Inscription		Lagaš II	FAOS 09/1, Lagaš 04		Lagaš	Lagaš II		uncertain	uncertain [1]	P247587	uncertain (AO 00168 = RIME 3/1.01.x0.add1030, ex. 01)	epsd2/royal
Q004258	Lagaš II Unidentified 1031add	LIT	Royal Inscription		Lagaš II	FAOS 09/1, Lagaš 05		Lagaš	Lagaš II		uncertain	uncertain [1]	P247575	uncertain (AO 00165 = RIME 3/1.01.x0.add1031, ex. 01)	epsd2/royal
Q004259	Lagaš II Unidentified 1032add	LIT	Royal Inscription		Lagaš II	FAOS 09/1, Lagaš 06		Lagaš	Lagaš II		uncertain	uncertain [1]	P247578	uncertain (AO 00169 = RIME 3/1.01.x0.add1032, ex. 01)	epsd2/royal
Q004260	Lagaš II Unidentified 1033add	LIT	Royal Inscription		Lagaš II	FAOS 09/1, Lagaš 07		Lagaš	Lagaš II		uncertain	uncertain [1]	P247581	uncertain (AO 00170 = RIME 3/1.01.x0.add1033, ex. 01)	epsd2/royal
Q004261	Lagaš II Unidentified 1034add	LIT	Royal Inscription		Lagaš II	FAOS 09/1, Lagaš 08		Lagaš	Lagaš II						epsd2/royal
Q004262	Lagaš II Unidentified 1035add	LIT	Royal Inscription		Lagaš II	FAOS 09/1, Lagaš 09		Lagaš	Lagaš II		uncertain	uncertain [1]	P247582	uncertain (AO 00173 = RIME 3/1.01.x0.add1035, ex. 01)	epsd2/royal
Q004263	Lagaš II Unidentified 1036add	LIT	Royal Inscription		Lagaš II	FAOS 09/1, Lagaš 12		Lagaš	Lagaš II		Girsu	Girsu [1]	P513643	Girsu (AO 00198 = RIME 3/1.01.x0.add1036, ex. 01)	epsd2/royal
Q004264	Lagaš II Unidentified 1037add	LIT	Royal Inscription		Lagaš II	FAOS 09/1, Lagaš 17		Lagaš	Lagaš II		uncertain	uncertain [1]	P247554	uncertain (AO 12775b = RIME 3/1.01.x0.add1037, ex. 01)	epsd2/royal
Q004265	Lagaš II Unidentified 1038add	LIT	Royal Inscription		Lagaš II	FAOS 09/1, Lagaš 18		Lagaš	Lagaš II		uncertain	uncertain [1]	P247555	uncertain (AO 12775d = RIME 3/1.01.x0.add1038, ex. 01)	epsd2/royal
Q004266	Lagaš II Unidentified 1039add	LIT	Royal Inscription		Lagaš II	FAOS 09/1, Lagaš 19		Lagaš	Lagaš II		uncertain	uncertain [1]	P247556	uncertain (AO 12775e = RIME 3/1.01.x0.add1039, ex. 01)	epsd2/royal
Q004267	Lagaš II Unidentified 1040add	LIT	Royal Inscription		Lagaš II	FAOS 09/1, Lagaš 20		Lagaš	Lagaš II		uncertain	uncertain [1]	P247557	uncertain (AO 22119 = RIME 3/1.01.x0.add1040, ex. 01)	epsd2/royal
Q004268	Lagaš II Unidentified 1042add	LIT	Royal Inscription		Lagaš II	FAOS 09/1, Lagaš 23		Lagaš	Lagaš II		uncertain	uncertain [1]	P247559	uncertain (AO 12755j = RIME 3/1.01.x0.add1042, ex. 01)	epsd2/royal
Q004269	Lagaš II Unidentified 1043add	LIT	Royal Inscription		Lagaš II	FAOS 09/1, Lagaš 25		Lagaš	Lagaš II		uncertain	uncertain [1]	P247560	uncertain (AO 02886b = RIME 3/1.01.x0.add1043, ex. 01)	epsd2/royal
Q004270	Lagaš II Unidentified 1044add	LIT	Royal Inscription		Lagaš II	FAOS 09/1, Lagaš 26		Lagaš	Lagaš II		uncertain	uncertain [1]	P247561	uncertain (AO 02886c = RIME 3/1.01.x0.add1044, ex. 01)	epsd2/royal
Q004271	Lagaš II Unidentified 1045add	LIT	Royal Inscription		Lagaš II	FAOS 09/1, Lagaš 28		Lagaš	Lagaš II		uncertain	uncertain [1]	P247562	uncertain (AO 02886e = RIME 3/1.01.x0.add1045, ex. 01)	epsd2/royal
Q004272	Lagaš II Unidentified 1046add	LIT	Royal Inscription		Lagaš II	FAOS 09/1, Lagaš 30		Lagaš	Lagaš II		uncertain	uncertain [1]	P247563	uncertain (AO 02886h = RIME 3/1.01.x0.add1046, ex. 01)	epsd2/royal
Q004273	Lagaš II Unidentified 1047add	LIT	Royal Inscription		Lagaš II	FAOS 09/1, Lagaš 32		Lagaš	Lagaš II		uncertain	uncertain [1]	P247564	uncertain (AO 02886j = RIME 3/1.01.x0.add1047, ex. 01)	epsd2/royal
Q004274	Lagaš II Unidentified 1048add	LIT	Royal Inscription		Lagaš II	FAOS 09/1, Lagaš 34		Lagaš	Lagaš II		uncertain	uncertain [1]	P247565	uncertain (AO 02886l = RIME 3/1.01.x0.add1048, ex. 01)	epsd2/royal
Q004275	Lagaš II Unidentified 1049add	LIT	Royal Inscription		Lagaš II	FAOS 09/1, Lagaš 35		Lagaš	Lagaš II		uncertain	uncertain [1]	P247566	uncertain (AO 02886m = RIME 3/1.01.x0.add1049, ex. 01)	epsd2/royal
Q004881	Lagaš II Unidentified 1050add	LIT	Royal Inscription		Lagaš II			Lagaš			uncertain	uncertain [1]	P247567	uncertain (unknown = RIME 3/1.01.x0.add1050, ex. 01)	epsd2/royal
Q004882	Lagaš II Unidentified 1051add	LIT	Royal Inscription		Lagaš II			Lagaš			uncertain	uncertain [1]	P247568	uncertain (Ashm 1942-0169 = RIME 3/1.01.x0.add1051, ex. 01)	epsd2/royal
Q004883	Lagaš II Unidentified 1052add	LIT	Royal Inscription		Lagaš II			Lagaš			uncertain	uncertain [1]	P247569	uncertain (AO 16649 = RIME 3/1.01.x0.add1052, ex. 01)	epsd2/royal
Q004884	Lagaš II Unidentified 1053add	LIT	Royal Inscription		Lagaš II			Lagaš			uncertain	uncertain [1]	P247588	uncertain (AO 26662 = RIME 3/1.01.x0.add1053, ex. 01)	epsd2/royal
Q004885	Lagaš II Unidentified 1054add	LIT	Royal Inscription		Lagaš II			Lagaš			uncertain	uncertain [1]	P247570	uncertain (AO 20014 = RIME 3/1.01.x0.add1054, ex. 01)	epsd2/royal
Q004886	Lagaš II Unidentified 1056add	LIT	Royal Inscription		Lagaš II			Lagaš			uncertain	uncertain [1]	P247572	uncertain (AO 26647 = RIME 3/1.01.x0.add1056, ex. 01)	epsd2/royal
Q004887	Lagaš II Unidentified 1057add	LIT	Royal Inscription		Lagaš II			Lagaš			uncertain	uncertain [1]	P247573	uncertain (AO 26649 = RIME 3/1.01.x0.add1057, ex. 01)	epsd2/royal
Q004888	Lagaš II Unidentified 1058add	LIT	Royal Inscription		Lagaš II			Lagaš			uncertain	uncertain [1]	P247574	uncertain (AO 26631 = RIME 3/1.01.x0.add1058, ex. 01)	epsd2/royal
Q004889	Lagaš II Unidentified 1059add	LIT	Royal Inscription		Lagaš II			Lagaš			uncertain	uncertain [1]	P247589	uncertain (AO 26632 = RIME 3/1.01.x0.add1059, ex. 01)	epsd2/royal
Q004890	Lagaš II Unidentified 1060add	LIT	Royal Inscription		Lagaš II			Lagaš			uncertain	uncertain [1]	P247576	uncertain (VA 02341 = RIME 3/1.01.x0.add1060, ex. 01)	epsd2/royal
Q004891	Lagaš II Unidentified 1061add	LIT	Royal Inscription		Lagaš II			Lagaš							epsd2/royal
Q004892	Lagaš II Unidentified 1062add	LIT	Royal Inscription		Lagaš II			Lagaš			Girsu	Girsu [1]	P234702	Girsu (AO 00271d = RIME 3/1.01.12.09a, ex. 01)	epsd2/royal
Q004893	Lagaš II Unidentified 1063add	LIT	Royal Inscription		Lagaš II			Lagaš			uncertain	uncertain [1]	P247579	uncertain (AO 00272 = RIME 3/1.01.x0.add1063, ex. 01)	epsd2/royal
Q004894	Lagaš II Unidentified 1064add	LIT	Royal Inscription		Lagaš II			Lagaš							epsd2/royal
Q004895	Lagaš II Unidentified 1065add	LIT	Royal Inscription		Lagaš II			Lagaš			uncertain	uncertain [1]	P247580	uncertain (AO 12775k = RIME 3/1.01.x0.add1065, ex. 01)	epsd2/royal
Q005345	Puzur-Inšušinak 2	LIT	Royal Inscription		Lagaš II		RIME 3/1.add02.01.02	Susa			Susa	Susa [2]	P215554 P462170	Susa (RIME 3/1.add02.01.02 composite, Sb — ? = RIME 3/1.add02.01.02, ex. 01)	epsd2/royal
Q006336	Ur-Ningirsu I 7	LIT	Royal Inscription		Lagaš II			Girsu			uncertain	uncertain [1]	P201714	uncertain (BM 104724)	epsd2/royal
Q008909	Lagaš II Unidentified 1055add	LIT	Royal Inscription		Lagaš II			Lagaš			uncertain	uncertain [1]	P247571	uncertain (AO 26648 = RIME 3/1.01.x0.add1055, ex. 01)	epsd2/royal
Q008911	Pirigme 2add	LIT	Royal Inscription		Lagaš II	RIME 3/1, p. 012, E3/1.1.2.2add		Girsu			uncertain	uncertain [1]	P513484	uncertain (IMJ 98.071.0000 = RIME 3/1.01.02.add02, ex. 01)	epsd2/royal
